,SEQN,WTPH2YR,LBXAGP
0,130380.0,85328.84451856514,1.01
1,130381.0,0.0,
2,130382.0,59638.93232344372,0.921
3,130388.0,32864.290882373,
4,130390.0,61427.007628487,1.04
5,130391.0,63943.87471088985,1.12
6,130395.0,22897.18857393058,0.876
7,130402.0,44974.789652663,0.773
8,130403.0,66179.18127805338,1.01
9,130405.0,0.0,
10,130406.0,100068.72898400144,1.16
11,130411.0,0.0,
12,130419.0,102320.72836514335,1.31
13,130424.0,61005.97747024235,0.99
14,130430.0,136639.20945812398,0.717
15,130433.0,68654.7599357884,0.552
16,130437.0,37249.28677265728,0.698
17,130440.0,53271.83720499722,
18,130441.0,35626.638907936416,0.386
19,130449.0,22669.94301135263,0.778
20,130456.0,94539.59190764895,0.61
21,130457.0,22072.1081896371,0.491
22,130473.0,52441.67210333468,0.586
23,130480.0,23250.045024784886,0.78
24,130481.0,47644.18692908577,0.707
25,130482.0,45993.54040982747,0.756
26,130484.0,0.0,
27,130490.0,53854.10593075053,0.496
28,130492.0,17753.945669538614,0.751
29,130506.0,34281.189723606316,0.444
30,130507.0,155306.10540249033,0.51
31,130511.0,28393.77495657389,0.383
32,130518.0,0.0,
33,130528.0,0.0,
34,130539.0,0.0,
35,130540.0,47513.82715632334,
36,130541.0,47589.088252417045,0.871
37,130542.0,18925.40053793032,0.654
38,130551.0,0.0,
39,130553.0,107470.59056983641,0.602
40,130556.0,38365.256625104535,0.629
41,130564.0,78082.7326937381,
42,130569.0,26630.461691491375,0.605
43,130574.0,0.0,
44,130583.0,28897.9817972425,0.798
45,130587.0,61154.15896455118,0.552
46,130588.0,38734.18410301057,1.11
47,130594.0,0.0,
48,130605.0,51266.697708392974,0.459
49,130606.0,136012.671852148,0.689
50,130607.0,34501.4698865745,0.622
51,130609.0,31635.69450511599,0.716
52,130613.0,0.0,
53,130617.0,65768.02283310019,0.505
54,130623.0,88154.35417790069,0.72
55,130624.0,0.0,
56,130639.0,90394.05963461021,
57,130640.0,78981.46728636771,0.704
58,130644.0,10794.939400485386,0.663
59,130645.0,18755.922685108446,0.48
60,130657.0,0.0,
61,130660.0,55068.13982520496,0.272
62,130668.0,79987.22351601983,0.86
63,130671.0,48734.55805809268,1.02
64,130676.0,138727.7493446998,0.475
65,130680.0,0.0,
66,130684.0,0.0,
67,130691.0,40226.09978323305,0.364
68,130692.0,26029.55339431805,0.76
69,130696.0,25070.15693379751,0.34
70,130697.0,48655.028539152336,0.576
71,130698.0,43184.294709823065,0.85
72,130699.0,0.0,
73,130701.0,22353.264944607537,0.516
74,130707.0,44714.91834069666,0.441
75,130711.0,174677.46082651467,0.417
76,130716.0,48920.655297979196,0.674
77,130720.0,51599.47106060868,0.51
78,130725.0,29605.214108005614,1.06
79,130729.0,15100.379988492563,0.807
80,130731.0,70119.33907965843,1.22
81,130737.0,119533.89920233998,0.83
82,130740.0,29342.75253477131,0.93
83,130744.0,54940.144934466174,0.897
84,130745.0,45222.06251899566,0.568
85,130746.0,52440.6462099985,0.959
86,130755.0,0.0,
87,130761.0,24770.999116905467,1.03
88,130762.0,79619.78915637199,0.595
89,130763.0,36616.787177671424,0.572
90,130765.0,18434.964100372847,
91,130772.0,0.0,
92,130776.0,14504.491817441522,0.62
93,130779.0,24488.933792185595,0.59
94,130784.0,0.0,
95,130790.0,0.0,
96,130792.0,35348.75237578638,0.583
97,130794.0,48969.90200448405,0.532
98,130799.0,0.0,
99,130800.0,38324.07368987987,0.538
100,130803.0,0.0,
101,130805.0,32052.632619199412,0.953
102,130818.0,37276.44516558745,0.7
103,130819.0,0.0,
104,130828.0,97019.00675897468,0.618
105,130833.0,82483.84920855788,0.58
106,130835.0,0.0,
107,130846.0,13295.228261398763,0.912
108,130848.0,45038.32174731438,1.01
109,130850.0,14902.36667038832,0.676
110,130852.0,253478.77764529616,0.976
111,130853.0,62692.31657419814,
112,130855.0,50663.37882342079,0.859
113,130857.0,99572.7680914392,0.743
114,130859.0,107890.18973554943,0.696
115,130867.0,69295.27579226173,0.696
116,130869.0,0.0,
117,130874.0,0.0,
118,130876.0,115937.99536956086,0.69
119,130878.0,89595.20366895052,0.929
120,130879.0,73128.12689599165,0.756
121,130881.0,73049.97927265477,0.943
122,130883.0,0.0,
123,130886.0,36633.930929721944,0.583
124,130888.0,34748.300427984024,1.32
125,130891.0,0.0,
126,130893.0,68814.6364120748,0.657
127,130895.0,106972.12133843567,0.689
128,130900.0,26878.975433362553,0.415
129,130912.0,21385.790365630597,1.25
130,130914.0,18098.625491071823,0.683
131,130922.0,34819.788161811244,1.11
132,130924.0,43062.18370660009,1.12
133,130925.0,0.0,
134,130928.0,23213.822309613704,0.721
135,130939.0,60077.281092781435,0.62
136,130941.0,59503.6895748879,
137,130944.0,25069.605024747463,1.06
138,130949.0,52342.694302318174,0.528
139,130951.0,40774.35144163392,0.639
140,130958.0,69983.31398690448,1.27
141,130968.0,47093.378618939096,0.971
142,130972.0,21262.757142451566,1.04
143,130973.0,44695.34769879971,0.39
144,130976.0,23583.04663970971,0.67
145,130987.0,64385.72914811469,0.61
146,130988.0,30303.262515887818,0.761
147,130989.0,0.0,
148,130995.0,52650.33588345544,1.05
149,130999.0,21430.01253896459,0.55
150,131001.0,49659.805795484404,0.545
151,131006.0,17797.197448465446,0.584
152,131009.0,35174.54932500382,0.612
153,131017.0,70231.56754575319,0.494
154,131019.0,66052.30807613216,0.91
155,131025.0,52196.8158540583,0.344
156,131031.0,77957.32860442705,0.65
157,131032.0,28667.39080794599,1.06
158,131034.0,33116.853103647794,0.671
159,131038.0,0.0,
160,131047.0,0.0,
161,131049.0,88858.88109331635,0.509
162,131056.0,59793.77961733826,0.83
163,131060.0,20268.211868889786,1.31
164,131063.0,22203.271495366324,0.783
165,131064.0,92044.24453126213,0.98
166,131068.0,37856.15706646203,0.988
167,131072.0,0.0,
168,131082.0,36054.42094411778,1.06
169,131084.0,61395.73372971709,0.614
170,131086.0,12399.299948497592,1.12
171,131094.0,33558.53403001177,0.556
172,131102.0,36442.28104221175,0.699
173,131104.0,0.0,
174,131105.0,52760.06224375567,0.59
175,131133.0,0.0,
176,131139.0,33515.890321708124,1.2
177,131144.0,60086.24702956873,0.757
178,131147.0,101175.02202435388,0.575
179,131151.0,29919.507461881134,0.76
180,131156.0,35881.67958623552,0.922
181,131173.0,21758.920540682688,1.4
182,131174.0,30495.166436230687,0.585
183,131176.0,59094.33401223363,0.828
184,131179.0,0.0,
185,131181.0,103027.92195993412,1.21
186,131182.0,36684.5945551802,0.971
187,131195.0,19565.387768744764,0.792
188,131200.0,122569.95855150756,0.382
189,131209.0,56496.25551858947,0.958
190,131211.0,52289.457884755735,1.08
191,131221.0,53263.916970731596,0.645
192,131223.0,0.0,
193,131225.0,21944.725763578088,0.87
194,131226.0,25420.886288298378,0.44
195,131237.0,26947.256922363864,
196,131240.0,23066.260468013606,0.539
197,131242.0,56213.70866602161,0.92
198,131248.0,70398.49069005935,1.03
199,131250.0,18092.15138079504,0.83
200,131261.0,0.0,
201,131264.0,0.0,
202,131268.0,35036.85053882307,1.16
203,131275.0,43843.968414655945,1.17
204,131277.0,85542.19890811075,0.455
205,131280.0,0.0,
206,131286.0,28013.343643851953,0.597
207,131297.0,23365.857205746233,0.437
208,131300.0,22315.64288436759,1.14
209,131304.0,69521.65766496814,0.68
210,131309.0,69113.19256111684,0.884
211,131316.0,0.0,
212,131323.0,61457.9077570774,0.509
213,131332.0,14519.307493119117,1.0
214,131334.0,35028.71974185708,0.974
215,131336.0,0.0,
216,131341.0,33145.23174078907,1.09
217,131344.0,0.0,
218,131354.0,0.0,
219,131359.0,30167.530329674628,0.763
220,131362.0,7057.356689403316,0.642
221,131363.0,42802.46323100577,0.508
222,131364.0,38710.7534990107,0.583
223,131366.0,20483.31600819651,0.94
224,131370.0,0.0,
225,131371.0,0.0,
226,131372.0,36336.78178447668,1.1
227,131379.0,82800.20651550157,0.455
228,131384.0,0.0,
229,131396.0,14143.096542322715,0.634
230,131400.0,17387.407428784878,0.885
231,131401.0,75431.80734740279,0.511
232,131406.0,0.0,
233,131408.0,24696.07920903996,1.04
234,131409.0,44291.513340997866,0.669
235,131412.0,129851.20079327788,1.26
236,131416.0,78622.43869731537,0.674
237,131417.0,0.0,
238,131420.0,0.0,
239,131430.0,0.0,
240,131431.0,43151.99341090123,0.657
241,131433.0,32291.008030970803,0.368
242,131438.0,20680.35839719095,0.533
243,131444.0,128330.11519734382,0.663
244,131463.0,49017.887974227706,0.696
245,131465.0,126357.98939658288,0.701
246,131476.0,28087.773999134675,0.947
247,131487.0,0.0,
248,131489.0,0.0,
249,131492.0,12733.93976879745,
250,131498.0,12827.848429243637,1.08
251,131500.0,0.0,
252,131504.0,45197.61723292912,1.19
253,131506.0,20696.278624572133,0.64
254,131509.0,34919.83573154662,0.588
255,131512.0,41674.320684370316,0.52
256,131513.0,25695.370962438858,0.466
257,131521.0,36889.371290910276,0.994
258,131529.0,20467.358398623022,0.554
259,131530.0,40103.63840696314,0.972
260,131531.0,95165.65550887167,
261,131538.0,17588.823540849306,0.9
262,131541.0,23752.172689913197,0.455
263,131544.0,46450.62956763682,0.82
264,131549.0,69429.43671267456,0.834
265,131564.0,34373.87760303503,0.816
266,131569.0,40309.262553689136,1.05
267,131574.0,42533.38889711261,0.486
268,131575.0,0.0,
269,131576.0,0.0,
270,131581.0,0.0,
271,131582.0,0.0,
272,131584.0,20894.45184917613,0.482
273,131588.0,97697.0287211497,0.718
274,131595.0,0.0,
275,131604.0,16400.849094917627,0.785
276,131609.0,0.0,
277,131615.0,105161.62693831552,0.415
278,131621.0,44011.2171070424,0.384
279,131624.0,15631.909008806877,1.04
280,131626.0,39907.139777716366,0.508
281,131644.0,13266.031074940925,
282,131645.0,35626.08930586251,0.77
283,131652.0,0.0,
284,131656.0,36119.886066835345,0.433
285,131659.0,0.0,
286,131665.0,0.0,
287,131671.0,19880.79084070856,0.83
288,131678.0,0.0,
289,131680.0,30810.18290913918,1.34
290,131681.0,86777.31552458917,0.589
291,131682.0,65192.96157517003,0.622
292,131693.0,38635.78737295385,1.41
293,131697.0,83209.77044059815,0.65
294,131699.0,50407.8288458719,0.975
295,131701.0,34170.739115251316,1.11
296,131702.0,84210.70803240805,0.646
297,131707.0,28199.088382030983,0.612
298,131714.0,27583.43544111987,0.718
299,131715.0,128038.57060681224,0.81
300,131719.0,62767.647295027964,0.69
301,131721.0,83550.9868759926,0.63
302,131722.0,0.0,
303,131736.0,46746.74094860773,0.935
304,131742.0,23079.97095889024,0.909
305,131743.0,0.0,
306,131744.0,0.0,
307,131745.0,40538.088248058346,1.35
308,131752.0,22484.074589095555,1.01
309,131756.0,28295.834243739493,0.9
310,131762.0,18705.54264702743,0.712
311,131764.0,0.0,
312,131766.0,30736.51564718602,0.813
313,131770.0,0.0,
314,131773.0,23491.47253767871,0.61
315,131777.0,36968.97552399493,0.525
316,131782.0,89478.34272485544,0.689
317,131783.0,46912.68781403016,0.789
318,131793.0,22329.811266199977,0.592
319,131799.0,37133.11492826485,1.08
320,131802.0,20703.435498223746,0.525
321,131803.0,29138.065311299866,0.586
322,131804.0,53310.88589234022,0.373
323,131811.0,0.0,
324,131816.0,45456.94046577069,0.449
325,131821.0,42791.744492224665,0.46
326,131826.0,0.0,
327,131828.0,29926.48377425182,0.495
328,131840.0,65651.36781737817,0.753
329,131844.0,17565.428242110116,0.591
330,131862.0,28629.680078804427,0.698
331,131866.0,26427.5643615695,0.646
332,131867.0,28277.994330527992,1.33
333,131871.0,62953.47340733165,1.71
334,131873.0,0.0,
335,131875.0,58574.7522246347,0.757
336,131876.0,74750.77485643496,0.848
337,131891.0,44710.90026382549,0.723
338,131895.0,64832.44002235259,0.52
339,131896.0,41478.411270959725,0.669
340,131908.0,0.0,
341,131924.0,0.0,
342,131927.0,35907.14399275753,0.729
343,131930.0,34962.90148538243,0.606
344,131935.0,0.0,
345,131938.0,81500.65794829445,0.888
346,131941.0,35427.03054393989,
347,131948.0,47264.003389162084,0.762
348,131955.0,52444.378700935136,
349,131962.0,74006.83006546009,0.873
350,131963.0,103088.14650973269,0.57
351,131972.0,21438.95624198826,1.37
352,131973.0,0.0,
353,131974.0,13714.52842985362,0.523
354,131978.0,0.0,
355,131980.0,105040.27592719051,0.46
356,131985.0,78368.52058814044,0.653
357,131989.0,26191.27922724865,0.619
358,131994.0,0.0,
359,131996.0,88823.90783966439,0.501
360,131999.0,15631.909008806877,0.815
361,132002.0,0.0,
362,132006.0,25580.38956939146,0.798
363,132010.0,73053.98633515814,0.947
364,132020.0,19859.634966719856,0.58
365,132027.0,0.0,
366,132028.0,97404.1199484163,0.598
367,132048.0,34544.74434391886,0.851
368,132057.0,0.0,
369,132059.0,29803.233818303765,0.591
370,132097.0,44494.83502552873,1.07
371,132098.0,79783.07210745476,1.08
372,132102.0,53176.965473387194,0.884
373,132103.0,45897.23521971021,0.86
374,132104.0,11744.394200083656,0.877
375,132112.0,115592.17012704803,0.916
376,132116.0,51816.55577372647,0.617
377,132120.0,0.0,
378,132124.0,148421.50900068812,0.468
379,132132.0,30193.821245365823,0.534
380,132138.0,89454.3185322606,0.39
381,132140.0,0.0,
382,132142.0,19573.930374608542,0.912
383,132143.0,71328.17147120234,1.18
384,132146.0,58092.56110015118,0.632
385,132155.0,22836.265685459974,1.05
386,132161.0,0.0,
387,132162.0,16826.126461550648,0.934
388,132164.0,0.0,
389,132170.0,94675.57017896412,0.939
390,132171.0,23323.552041673312,0.86
391,132173.0,53527.47434341777,0.658
392,132185.0,15109.136935261042,0.907
393,132187.0,0.0,
394,132188.0,52029.09450108016,0.757
395,132192.0,13816.925788061251,0.694
396,132199.0,45032.80853305527,0.75
397,132200.0,0.0,
398,132202.0,70170.3150084733,0.49
399,132205.0,0.0,
400,132210.0,25807.25227608421,0.904
401,132215.0,42770.89638758501,1.18
402,132232.0,164835.9494841227,0.64
403,132236.0,18401.229433639266,0.677
404,132244.0,0.0,
405,132249.0,74458.62158683082,0.487
406,132253.0,24834.412219429458,0.872
407,132254.0,0.0,
408,132256.0,22091.45446961003,0.74
409,132257.0,148069.97842502958,0.546
410,132260.0,63068.605558960946,0.437
411,132265.0,0.0,
412,132266.0,85666.07450172902,0.587
413,132273.0,33480.21313503472,0.415
414,132282.0,41263.834065498995,0.593
415,132293.0,0.0,
416,132298.0,22484.661361272167,0.47
417,132299.0,67608.71211797363,1.2
418,132309.0,55215.94823291301,0.588
419,132310.0,18990.615237152735,0.96
420,132312.0,105071.93848563592,0.404
421,132313.0,0.0,
422,132316.0,49301.94239377496,0.515
423,132322.0,54952.29060479053,0.517
424,132326.0,48402.80362951613,0.607
425,132327.0,0.0,
426,132328.0,31895.241041075948,0.812
427,132333.0,35818.116733139985,0.757
428,132335.0,53815.76614992578,0.8
429,132336.0,158059.89898195473,0.986
430,132337.0,42406.94507019136,0.833
431,132341.0,135776.77103611772,0.8
432,132347.0,74134.8663731369,1.43
433,132351.0,33810.251392128375,0.539
434,132352.0,27877.944028974816,0.651
435,132358.0,18955.56003392883,0.598
436,132384.0,65479.120811286055,0.447
437,132386.0,23502.621430751948,0.933
438,132393.0,24455.379395120737,0.67
439,132394.0,109810.94581802806,0.651
440,132399.0,31515.469205856578,0.45
441,132402.0,47863.19717755523,0.772
442,132407.0,109243.03132011292,0.997
443,132411.0,75976.08157080933,
444,132412.0,38380.005576036674,0.461
445,132413.0,0.0,
446,132414.0,36517.58371287892,0.875
447,132419.0,21552.568936606727,0.698
448,132420.0,62946.901491442324,0.493
449,132423.0,0.0,
450,132432.0,73961.39875118584,0.38
451,132433.0,34087.61506805186,0.761
452,132436.0,20305.795744781542,0.48
453,132443.0,0.0,
454,132454.0,10609.298866732246,0.379
455,132462.0,20686.94674434722,
456,132464.0,0.0,
457,132473.0,30231.53892096255,0.876
458,132479.0,14883.12343374136,1.14
459,132484.0,0.0,
460,132505.0,41543.44028368764,1.07
461,132508.0,25050.229495817053,0.319
462,132513.0,52258.00778122188,1.27
463,132514.0,60207.942528399006,0.685
464,132518.0,52226.00046253313,0.955
465,132520.0,0.0,
466,132523.0,56176.38205898482,0.946
467,132526.0,173217.16282161142,0.54
468,132529.0,21580.348066578557,0.976
469,132534.0,16045.10494403069,0.426
470,132552.0,30984.72220592029,0.65
471,132553.0,35441.96841396251,0.715
472,132554.0,55864.454603032325,0.76
473,132560.0,22995.090590874788,0.789
474,132561.0,20781.876522486524,0.725
475,132570.0,23854.277757752392,0.823
476,132579.0,34403.78362216531,1.07
477,132580.0,61534.18746063706,0.78
478,132584.0,23233.472013229257,0.864
479,132591.0,33814.6281454423,0.81
480,132593.0,25761.05497964473,1.35
481,132594.0,34373.87760303503,0.817
482,132601.0,47051.423467642875,0.884
483,132603.0,0.0,
484,132610.0,49623.28674403351,0.903
485,132628.0,36684.5945551802,0.999
486,132631.0,118642.9305747957,0.614
487,132632.0,67586.84494569707,0.564
488,132638.0,106118.35723242437,0.61
489,132640.0,144260.329979143,
490,132645.0,104240.06812203831,1.08
491,132667.0,77306.7725915989,0.739
492,132668.0,0.0,
493,132671.0,19762.598540755414,1.01
494,132675.0,31331.96478093628,0.663
495,132676.0,58588.8172278862,0.729
496,132684.0,39832.16652100947,0.782
497,132691.0,61616.84869652952,0.614
498,132699.0,13839.96145024278,1.25
499,132700.0,99639.35287738091,0.492
500,132705.0,9468.721232783657,0.455
501,132706.0,161743.6383611964,1.11
502,132710.0,21116.07403010609,0.482
503,132714.0,0.0,
504,132716.0,0.0,
505,132720.0,66336.44896004353,0.611
506,132724.0,17872.742764389943,0.781
507,132732.0,64627.859489207636,0.589
508,132733.0,26233.64514244577,0.903
509,132736.0,0.0,
510,132749.0,19853.599092383676,0.662
511,132750.0,58875.28420043757,1.16
512,132752.0,0.0,
513,132758.0,25799.95434897329,0.73
514,132761.0,17620.67658861579,1.17
515,132764.0,56341.84023428234,0.721
516,132766.0,27574.797667087554,0.6
517,132775.0,37826.63651567558,0.578
518,132781.0,0.0,
519,132785.0,52891.04561957412,0.814
520,132799.0,0.0,
521,132800.0,0.0,
522,132805.0,16321.982817729351,0.686
523,132807.0,19478.525283159815,0.547
524,132810.0,52526.738989789126,0.678
525,132818.0,37741.21257119306,1.18
526,132821.0,18081.5373943448,0.91
527,132823.0,0.0,
528,132826.0,0.0,
529,132832.0,22861.216588241965,1.18
530,132838.0,102149.6487052936,0.552
531,132850.0,109935.64567346273,1.09
532,132851.0,29962.28755621365,0.883
533,132855.0,67733.77796709575,0.506
534,132857.0,0.0,
535,132859.0,0.0,
536,132860.0,0.0,
537,132861.0,65576.60685805512,
538,132871.0,13410.958031703953,0.927
539,132872.0,45527.71111232482,0.749
540,132874.0,0.0,
541,132880.0,9282.913818725983,0.845
542,132882.0,52760.06224375567,0.69
543,132883.0,0.0,
544,132888.0,0.0,
545,132891.0,89981.11799358758,0.928
546,132902.0,16176.765237673588,0.531
547,132908.0,52061.81845107982,1.07
548,132910.0,20168.350357858857,1.12
549,132912.0,155530.08756247562,
550,132914.0,57517.59343677627,0.68
551,132917.0,41836.82122070199,0.748
552,132920.0,42289.43318742144,0.82
553,132925.0,17459.52216732855,0.63
554,132936.0,128395.31813939598,0.731
555,132949.0,18170.567537083214,0.569
556,132952.0,134632.2132208369,0.654
557,132967.0,214752.94411883282,0.575
558,132968.0,32092.05588644676,0.62
559,132969.0,73385.38813517697,0.762
560,132970.0,43447.42168116659,0.642
561,132971.0,19042.428849232954,0.717
562,132972.0,35766.944435110345,0.81
563,132983.0,61422.27412592696,0.647
564,132999.0,0.0,
565,133001.0,43011.9084433347,0.614
566,133007.0,51676.741347664625,0.9
567,133013.0,56823.52322166344,0.835
568,133014.0,25689.402216854793,1.23
569,133015.0,31160.741997479163,0.791
570,133016.0,0.0,
571,133026.0,23537.808172527333,0.761
572,133034.0,63068.516523134174,0.55
573,133035.0,44425.330935616075,0.756
574,133036.0,0.0,
575,133040.0,55253.11052093658,0.836
576,133041.0,64229.37192612829,1.13
577,133044.0,37630.89036983798,0.879
578,133046.0,23530.574179092506,1.35
579,133051.0,102254.01979519983,0.617
580,133058.0,175020.0763118199,0.662
581,133062.0,0.0,
582,133063.0,0.0,
583,133075.0,20100.578512735417,0.632
584,133082.0,45770.10144749051,1.51
585,133086.0,68133.91942334731,0.83
586,133089.0,30874.279162936746,0.597
587,133102.0,36251.18210599496,0.545
588,133103.0,0.0,
589,133105.0,44711.35014363768,0.539
590,133113.0,38716.49172995618,1.09
591,133115.0,82914.73909413938,0.743
592,133117.0,64328.33503355756,0.524
593,133118.0,37852.65468470022,0.769
594,133124.0,51266.697708392974,0.521
595,133127.0,143967.31664451258,0.8
596,133132.0,0.0,
597,133143.0,44300.72910840154,0.636
598,133148.0,180080.42057553004,
599,133150.0,39041.19928979924,0.859
600,133163.0,0.0,
601,133169.0,12915.665357834043,0.517
602,133176.0,0.0,
603,133181.0,102552.31105705824,
604,133194.0,19679.443616118348,0.686
605,133198.0,23706.3684747818,0.38
606,133217.0,0.0,
607,133222.0,126049.80917563407,0.897
608,133223.0,21516.70596569893,0.53
609,133226.0,56419.50106587989,0.892
610,133227.0,0.0,
611,133229.0,80634.0058723463,0.508
612,133231.0,42371.77425618919,0.752
613,133234.0,0.0,
614,133243.0,55704.697240773094,0.915
615,133244.0,0.0,
616,133253.0,20736.497984522925,0.827
617,133254.0,0.0,
618,133256.0,0.0,
619,133260.0,0.0,
620,133262.0,67274.04404606302,0.88
621,133267.0,22571.113795333702,0.879
622,133272.0,0.0,
623,133284.0,25161.195704819955,1.6
624,133285.0,23610.67613350611,0.93
625,133286.0,0.0,
626,133289.0,24071.715575812566,0.928
627,133298.0,63362.117277235324,0.406
628,133305.0,22006.70540817169,0.617
629,133308.0,0.0,
630,133309.0,0.0,
631,133312.0,42309.11781759429,0.691
632,133313.0,0.0,
633,133330.0,49598.622100524364,0.94
634,133335.0,42550.26097180137,0.786
635,133337.0,127152.5544576556,0.789
636,133339.0,0.0,
637,133342.0,48662.99714902522,1.43
638,133353.0,17459.96270676895,0.52
639,133361.0,0.0,
640,133364.0,0.0,
641,133365.0,0.0,
642,133370.0,45992.067078279644,0.54
643,133373.0,72147.01925967637,0.653
644,133378.0,107945.84482788532,0.987
645,133383.0,62373.80120482008,0.595
646,133387.0,0.0,
647,133390.0,28913.876478083945,0.706
648,133392.0,0.0,
649,133396.0,98067.87312738335,0.502
650,133400.0,28139.77653199213,0.812
651,133406.0,122373.95331765134,0.58
652,133407.0,135888.49519066076,0.65
653,133410.0,0.0,
654,133413.0,75539.5873280466,0.823
655,133414.0,32813.74184322032,0.882
656,133417.0,0.0,
657,133418.0,64505.604841043896,1.0
658,133421.0,81053.04554190197,0.415
659,133424.0,37374.22751388361,0.79
660,133426.0,0.0,
661,133427.0,66457.70159267778,0.487
662,133432.0,0.0,
663,133434.0,13661.23702495278,0.887
664,133439.0,52431.44616996916,1.14
665,133441.0,37263.02791903048,0.595
666,133444.0,57874.755235692275,0.971
667,133456.0,0.0,
668,133457.0,14886.699355753164,1.11
669,133458.0,0.0,
670,133460.0,0.0,
671,133463.0,0.0,
672,133464.0,44826.62696116995,
673,133466.0,0.0,
674,133470.0,37085.10948858118,0.91
675,133477.0,15233.708493610047,0.757
676,133488.0,0.0,
677,133494.0,72211.77016684381,0.794
678,133500.0,51820.115063110214,0.752
679,133505.0,0.0,
680,133520.0,31719.128235833356,0.511
681,133523.0,32574.50279466254,0.49
682,133524.0,57377.1672482355,0.588
683,133535.0,59101.39075162544,1.06
684,133538.0,16687.59102520736,1.22
685,133541.0,59351.9359419149,0.9
686,133542.0,0.0,
687,133547.0,37501.18836224931,0.91
688,133550.0,23487.683903000743,0.826
689,133551.0,104732.36280557283,0.855
690,133554.0,78506.19858147921,0.746
691,133561.0,0.0,
692,133585.0,0.0,
693,133586.0,16006.514809424963,0.988
694,133589.0,31271.366154902527,0.694
695,133591.0,0.0,
696,133595.0,35348.75237578638,0.561
697,133599.0,0.0,
698,133607.0,56190.1824811227,0.41
699,133613.0,22964.28324499831,0.947
700,133619.0,0.0,
701,133624.0,28144.3184544211,1.06
702,133629.0,0.0,
703,133638.0,53026.7955838965,1.06
704,133640.0,33732.52697136553,0.47
705,133641.0,21743.84176746205,0.544
706,133646.0,22628.364280068177,0.694
707,133648.0,28631.16707876888,0.76
708,133656.0,26947.256922363864,0.967
709,133669.0,128174.02945230178,0.548
710,133677.0,80687.94567820529,1.04
711,133680.0,186458.8835927851,0.583
712,133685.0,31774.759678872873,0.895
713,133695.0,0.0,
714,133701.0,133875.7172887168,0.473
715,133706.0,61311.33723363891,0.835
716,133707.0,26749.68792490305,0.922
717,133712.0,18078.309666086454,0.797
718,133716.0,0.0,
719,133717.0,93940.99605595518,0.793
720,133730.0,45949.51890503951,0.721
721,133732.0,44201.235971339476,0.996
722,133738.0,0.0,
723,133739.0,0.0,
724,133740.0,50307.96720288218,0.581
725,133741.0,13957.697442733006,1.16
726,133742.0,11069.97744210685,1.1
727,133751.0,52901.308096955014,0.94
728,133760.0,62578.81603864834,0.624
729,133765.0,23590.666609245767,0.566
730,133769.0,34063.623177161324,0.71
731,133770.0,0.0,
732,133771.0,0.0,
733,133772.0,61537.127712913934,0.689
734,133773.0,72710.81411846615,0.527
735,133791.0,76058.88572102426,0.747
736,133792.0,36623.07125006404,
737,133793.0,0.0,
738,133817.0,36954.64526495403,0.63
739,133825.0,12671.65250130999,0.657
740,133826.0,30206.37361062463,0.446
741,133835.0,54718.955875946194,0.724
742,133837.0,0.0,
743,133840.0,0.0,
744,133849.0,46716.52988490014,0.523
745,133851.0,0.0,
746,133854.0,19796.190280841558,0.478
747,133855.0,0.0,
748,133858.0,15357.435197840274,0.586
749,133862.0,6213.300237494825,0.821
750,133870.0,19119.48080500804,0.649
751,133874.0,40549.700110587786,0.511
752,133881.0,0.0,
753,133895.0,52556.31075405468,0.442
754,133909.0,196794.03462568755,0.861
755,133911.0,33477.897089474376,0.699
756,133915.0,65935.06270592203,0.513
757,133917.0,0.0,
758,133921.0,45140.34987191739,0.341
759,133923.0,140943.32607680513,0.682
760,133924.0,16043.106002607235,0.462
761,133925.0,22387.234336002075,0.722
762,133931.0,0.0,
763,133936.0,44440.624264384634,0.684
764,133937.0,30011.010301369082,0.613
765,133938.0,68526.81008637293,0.916
766,133939.0,0.0,
767,133940.0,14009.589947684884,0.818
768,133942.0,0.0,
769,133943.0,25249.648512000836,0.69
770,133948.0,0.0,
771,133949.0,23673.68296021393,1.23
772,133950.0,37711.33958231742,0.94
773,133953.0,29326.63473789828,0.521
774,133956.0,41621.36243290085,0.848
775,133976.0,28812.409006569447,0.818
776,133981.0,15113.317216179688,0.79
777,133989.0,20764.48177657468,
778,133992.0,29771.37773215715,0.671
779,133993.0,0.0,
780,133997.0,18827.911212973173,0.605
781,134002.0,83650.69454171928,0.525
782,134014.0,11231.047017537318,0.727
783,134017.0,0.0,
784,134022.0,115007.31591884325,0.498
785,134029.0,25276.559100221173,0.802
786,134034.0,104706.17603448409,0.513
787,134048.0,18694.574595200367,0.906
788,134051.0,78201.9893115318,0.848
789,134071.0,17459.52216732855,1.12
790,134072.0,29458.842422571117,0.512
791,134077.0,68907.40734937898,0.96
792,134080.0,47575.93116671893,1.66
793,134086.0,0.0,
794,134089.0,17826.098346870658,0.761
795,134097.0,0.0,
796,134105.0,14534.377441998546,0.859
797,134115.0,62820.97705473783,1.09
798,134149.0,28312.457681658358,1.15
799,134165.0,113523.48856453877,0.718
800,134166.0,10300.482231236752,0.885
801,134169.0,11745.02383305368,1.08
802,134180.0,56057.838905226716,
803,134182.0,46847.73552923037,0.98
804,134184.0,64430.80930674456,0.66
805,134186.0,12282.973563079853,0.786
806,134194.0,26586.54943807854,0.706
807,134198.0,57954.08801827545,0.861
808,134199.0,52437.139417042614,
809,134201.0,31001.59794692572,0.63
810,134206.0,91719.18151920974,0.602
811,134215.0,50091.414419968176,0.772
812,134217.0,28773.643301149576,0.65
813,134218.0,19146.22834463036,0.71
814,134225.0,26992.32610933293,1.0
815,134233.0,25723.725888452947,0.567
816,134234.0,88777.90612698375,0.703
817,134235.0,33753.79637405003,0.92
818,134242.0,0.0,
819,134249.0,27899.347160794947,0.801
820,134250.0,57966.36070298618,0.562
821,134251.0,22163.955366690938,0.84
822,134253.0,22128.41939991477,0.804
823,134259.0,0.0,
824,134264.0,25705.39757569062,0.529
825,134268.0,90217.91692168122,1.16
826,134269.0,20556.969595663664,1.18
827,134272.0,13263.708744786607,0.623
828,134279.0,135286.23635221805,0.524
829,134280.0,50643.36548068152,0.622
830,134284.0,20816.57815853099,0.775
831,134297.0,40713.39380668581,0.48
832,134298.0,31635.737982650582,0.456
833,134300.0,0.0,
834,134306.0,69254.23796116641,0.576
835,134318.0,0.0,
836,134319.0,54070.9627963168,0.543
837,134332.0,89444.39207445785,0.713
838,134336.0,0.0,
839,134340.0,19326.25105455086,1.02
840,134357.0,110391.6940986411,0.362
841,134362.0,18742.988089881765,0.948
842,134363.0,0.0,
843,134366.0,19189.949578708223,1.04
844,134372.0,0.0,
845,134373.0,112634.50234295135,1.24
846,134379.0,8849.446930545926,0.674
847,134385.0,66956.17437877433,0.807
848,134392.0,31185.224639803113,0.545
849,134393.0,0.0,
850,134412.0,26780.719560063,1.32
851,134440.0,0.0,
852,134448.0,67290.51141910156,0.637
853,134449.0,0.0,
854,134457.0,79145.07172114203,0.64
855,134461.0,0.0,
856,134464.0,117568.12495066124,0.889
857,134466.0,89941.7688001063,1.02
858,134471.0,25937.08860720368,
859,134477.0,39773.023547314595,
860,134481.0,0.0,
861,134491.0,49703.938215886534,0.542
862,134500.0,0.0,
863,134505.0,121174.86685323906,1.06
864,134506.0,28219.979328374247,0.836
865,134507.0,45201.150263726624,0.601
866,134510.0,19704.493539468564,
867,134511.0,23081.952139661476,1.13
868,134514.0,16024.510236644794,1.0
869,134520.0,72320.22847829844,
870,134527.0,0.0,
871,134530.0,62723.62676272432,1.32
872,134531.0,29651.68120354503,0.756
873,134532.0,14066.190439526817,1.18
874,134533.0,152042.88250783127,0.685
875,134535.0,34190.05360071087,0.523
876,134536.0,108348.42097033636,0.388
877,134542.0,0.0,
878,134551.0,41518.68233421167,0.689
879,134557.0,37560.23631575295,0.51
880,134560.0,136738.0219401135,0.53
881,134564.0,59677.66693815851,0.408
882,134565.0,47589.84229449345,1.11
883,134569.0,42758.186179025826,
884,134571.0,42007.896513285945,0.729
885,134572.0,16636.493776342566,0.636
886,134574.0,32856.76288592952,0.813
887,134577.0,0.0,
888,134579.0,0.0,
889,134580.0,42947.044780282464,0.58
890,134582.0,18284.55246627856,0.778
891,134585.0,57325.26788523836,0.505
892,134588.0,55557.500182798765,1.16
893,134589.0,68911.23574458643,0.659
894,134590.0,53026.00993503333,0.479
895,134591.0,34651.142453879176,0.461
896,134594.0,39776.904076015155,0.698
897,134598.0,66964.244802209,0.709
898,134609.0,85465.76336184642,0.586
899,134616.0,61154.15896455118,0.512
900,134621.0,0.0,
901,134625.0,20294.103586124995,0.631
902,134626.0,26486.284238152828,0.738
903,134632.0,52342.694302318174,0.585
904,134634.0,43149.888613521216,0.946
905,134635.0,20387.33323599127,0.416
906,134644.0,0.0,
907,134646.0,33739.02684155868,0.9
908,134665.0,70356.82906893204,0.371
909,134666.0,13137.019321841482,1.26
910,134669.0,28104.440081691308,0.626
911,134670.0,0.0,
912,134671.0,44364.952128561876,1.25
913,134675.0,71010.78547256016,0.896
914,134676.0,33642.35638081227,1.06
915,134678.0,73243.96009654789,0.644
916,134680.0,19194.18270297781,
917,134682.0,20942.31336559256,0.793
918,134683.0,40526.24033259691,0.905
919,134684.0,24396.521536646967,0.503
920,134695.0,126045.86823178176,0.628
921,134702.0,0.0,
922,134705.0,131300.21769041888,0.89
923,134713.0,19414.73145231974,0.747
924,134715.0,149568.96575060213,
925,134716.0,65032.254197321374,0.547
926,134721.0,32659.33354307279,0.59
927,134722.0,14686.128785903358,0.443
928,134724.0,77453.93975102167,0.654
929,134726.0,13719.655969817775,0.911
930,134728.0,43170.69237106631,0.88
931,134730.0,95601.07259329512,0.777
932,134736.0,30944.184724835046,0.631
933,134738.0,53694.24012172799,0.615
934,134746.0,57763.83990930992,0.989
935,134753.0,18049.716527026674,0.34
936,134757.0,54159.95761775529,0.566
937,134759.0,20312.85780163511,0.506
938,134765.0,95526.696887879,
939,134770.0,21464.02927419694,0.953
940,134772.0,22353.063148926376,0.448
941,134778.0,35802.25388515982,0.95
942,134780.0,14250.790462488452,0.976
943,134781.0,51755.20410560514,0.541
944,134783.0,29409.064315377902,0.871
945,134787.0,0.0,
946,134790.0,0.0,
947,134791.0,102866.07372680742,0.776
948,134806.0,13149.73941622336,1.04
949,134810.0,0.0,
950,134819.0,29125.53326008026,0.8
951,134821.0,13824.190057841473,0.497
952,134823.0,0.0,
953,134831.0,32680.905573477325,1.03
954,134851.0,34660.894882237524,0.63
955,134856.0,30936.221417354962,0.858
956,134857.0,24223.938304441785,1.09
957,134859.0,41519.05219628107,0.733
958,134863.0,0.0,
959,134871.0,0.0,
960,134882.0,117150.9664701387,0.892
961,134887.0,40616.011737981746,0.575
962,134889.0,25606.757507079583,1.04
963,134896.0,39388.99867471969,0.911
964,134901.0,95322.42436240011,0.513
965,134902.0,77394.16857859492,1.29
966,134909.0,0.0,
967,134915.0,19859.634966719856,0.83
968,134917.0,61897.27014404901,0.48
969,134919.0,47790.19068532126,0.854
970,134926.0,27609.126664801788,0.82
971,134927.0,23055.31575316973,0.607
972,134935.0,16547.26643299218,1.13
973,134936.0,0.0,
974,134941.0,23086.40941898306,1.09
975,134945.0,13799.4779904236,0.363
976,134947.0,17976.698492762753,0.947
977,134962.0,12639.266544396141,0.834
978,134963.0,17779.97535953298,0.66
979,134969.0,30003.175271392483,0.714
980,134970.0,40162.30446053585,0.757
981,134972.0,114553.97173661929,1.2
982,134973.0,0.0,
983,134982.0,105312.94275172797,
984,134983.0,37560.23631575295,0.43
985,134996.0,0.0,
986,135003.0,37575.89650282226,0.698
987,135005.0,0.0,
988,135011.0,52495.438264687364,0.7
989,135016.0,40268.598911915964,1.43
990,135037.0,25976.235662683077,1.33
991,135039.0,109138.04031492578,0.565
992,135043.0,16402.150450777375,0.617
993,135050.0,0.0,
994,135053.0,35436.46315146492,0.73
995,135059.0,0.0,
996,135063.0,0.0,
997,135069.0,39062.97640855339,1.04
998,135072.0,11787.68187539702,0.778
999,135078.0,66089.3382482166,0.842
1000,135095.0,14009.589947684884,0.714
1001,135096.0,0.0,
1002,135099.0,30775.372641562888,0.439
1003,135101.0,78202.89471843219,0.688
1004,135103.0,40649.665930758885,1.01
1005,135108.0,35223.14372512057,0.566
1006,135124.0,24696.07920903996,1.14
1007,135132.0,28100.81043598141,0.726
1008,135135.0,0.0,
1009,135138.0,12169.475706935375,0.632
1010,135141.0,63131.046955775964,0.727
1011,135146.0,20675.319808479555,0.548
1012,135150.0,20175.619399505642,0.828
1013,135156.0,20592.611952198815,0.661
1014,135162.0,43748.52567648441,0.858
1015,135166.0,0.0,
1016,135167.0,0.0,
1017,135174.0,20418.4612193972,0.84
1018,135175.0,38444.87984112402,0.39
1019,135176.0,21029.006624961814,0.735
1020,135187.0,26476.78564044544,0.713
1021,135194.0,39561.46645089505,0.667
1022,135203.0,18246.10841284981,0.862
1023,135205.0,0.0,
1024,135208.0,24616.212274665497,1.0
1025,135210.0,48721.236317358926,0.592
1026,135214.0,186699.46399093865,0.715
1027,135216.0,27508.218307137387,1.08
1028,135218.0,25206.24025629822,0.344
1029,135219.0,17251.719020641343,0.705
1030,135230.0,0.0,
1031,135234.0,37435.02475133908,0.782
1032,135240.0,27466.764865611796,0.494
1033,135248.0,27534.14694130497,1.06
1034,135249.0,14147.278791658244,0.768
1035,135256.0,34016.40179105979,0.537
1036,135265.0,0.0,
1037,135270.0,16819.310089439507,1.22
1038,135274.0,0.0,
1039,135295.0,84813.64103690564,0.853
1040,135301.0,0.0,
1041,135305.0,21648.033616489633,0.8
1042,135307.0,129740.36641754018,0.825
1043,135308.0,37101.25125695089,0.389
1044,135310.0,99166.80084184642,0.644
1045,135311.0,0.0,
1046,135315.0,0.0,
1047,135316.0,59746.711447032394,0.437
1048,135318.0,43647.056003047626,0.683
1049,135322.0,0.0,
1050,135323.0,0.0,
1051,135326.0,0.0,
1052,135337.0,0.0,
1053,135340.0,18118.86707830157,0.91
1054,135344.0,27483.842424216295,0.639
1055,135345.0,70512.08161310034,0.557
1056,135346.0,16104.225813973346,0.698
1057,135356.0,131488.5216869506,0.533
1058,135360.0,0.0,
1059,135362.0,0.0,
1060,135363.0,0.0,
1061,135373.0,0.0,
1062,135374.0,26832.890980652875,0.786
1063,135375.0,27521.85827994446,0.963
1064,135382.0,20756.607774058215,1.21
1065,135388.0,67160.52306200484,0.46
1066,135389.0,50321.396443900565,0.535
1067,135392.0,71814.63057526248,0.583
1068,135397.0,62375.05877265538,1.26
1069,135410.0,41868.88588356099,
1070,135413.0,20337.287714723378,0.764
1071,135420.0,26947.256922363864,0.668
1072,135421.0,90145.82451497989,0.815
1073,135423.0,42397.53986416425,0.466
1074,135427.0,45075.44586501947,0.899
1075,135428.0,70459.23376651673,0.746
1076,135429.0,0.0,
1077,135436.0,37589.02719935053,0.726
1078,135445.0,14946.689833547447,
1079,135449.0,21052.587404611702,0.586
1080,135455.0,26718.434373750333,0.45
1081,135459.0,20570.99463347119,0.591
1082,135466.0,47500.68086752331,1.03
1083,135468.0,23376.775218567836,0.579
1084,135470.0,76164.92485002063,0.646
1085,135483.0,0.0,
1086,135484.0,34019.07616035889,0.66
1087,135485.0,51502.34066072075,0.587
1088,135493.0,23894.046902818085,0.588
1089,135498.0,21357.088203612748,0.445
1090,135504.0,22909.226774841653,0.81
1091,135513.0,0.0,
1092,135519.0,80061.95889090408,0.525
1093,135531.0,0.0,
1094,135535.0,20641.512373639547,1.04
1095,135548.0,19533.298204063034,2.76
1096,135553.0,0.0,
1097,135555.0,85222.73050222377,0.986
1098,135556.0,24695.45873310225,0.701
1099,135558.0,0.0,
1100,135566.0,24754.277116813813,1.11
1101,135575.0,0.0,
1102,135576.0,46746.25322686389,0.523
1103,135579.0,0.0,
1104,135580.0,0.0,
1105,135584.0,16394.903993316835,0.811
1106,135589.0,29704.73943701865,0.743
1107,135590.0,0.0,
1108,135598.0,26442.269677599572,0.554
1109,135599.0,35898.05283083259,0.786
1110,135600.0,131434.7975800828,0.544
1111,135609.0,41406.87099644749,0.343
1112,135611.0,34257.37924225999,0.474
1113,135625.0,0.0,
1114,135637.0,36258.867487044554,0.941
1115,135638.0,47105.40207058603,0.879
1116,135653.0,19638.013792024733,0.627
1117,135654.0,16562.684918295043,0.469
1118,135671.0,14307.035713375462,0.528
1119,135672.0,28397.583659730215,0.919
1120,135673.0,117735.94303123435,1.06
1121,135674.0,33183.37172245127,0.835
1122,135684.0,0.0,
1123,135688.0,30440.01492656567,0.71
1124,135689.0,42791.744492224665,0.56
1125,135690.0,214752.94411883282,
1126,135696.0,50178.677684995935,0.928
1127,135717.0,0.0,
1128,135720.0,26000.304196036945,1.07
1129,135733.0,17520.535633592768,0.686
1130,135737.0,19053.520665515065,1.66
1131,135747.0,33717.50013978221,0.845
1132,135751.0,0.0,
1133,135753.0,27061.091913271855,0.814
1134,135758.0,52897.74075996408,0.577
1135,135762.0,0.0,
1136,135764.0,0.0,
1137,135765.0,21809.869890711892,
1138,135766.0,20142.786416997278,0.547
1139,135781.0,39586.7185504614,0.57
1140,135792.0,107871.22352917341,0.88
1141,135799.0,0.0,
1142,135829.0,0.0,
1143,135834.0,13896.726894825146,0.907
1144,135844.0,56809.22932777547,0.64
1145,135852.0,0.0,
1146,135857.0,0.0,
1147,135861.0,0.0,
1148,135864.0,15063.871132063614,
1149,135868.0,77720.92087667274,0.617
1150,135869.0,0.0,
1151,135878.0,0.0,
1152,135880.0,0.0,
1153,135882.0,37298.4418651637,0.824
1154,135886.0,28358.133801302833,0.836
1155,135898.0,24616.212274665497,0.924
1156,135904.0,0.0,
1157,135906.0,20335.24077357257,0.9
1158,135909.0,52482.477906774875,0.922
1159,135920.0,90303.34300726865,0.778
1160,135921.0,11907.076228493808,0.65
1161,135938.0,50449.09719185335,0.475
1162,135940.0,109865.66761971333,0.495
1163,135941.0,123899.29608265965,0.697
1164,135945.0,65011.24914766624,0.875
1165,135948.0,47549.17224395374,0.45
1166,135952.0,14003.019946450107,0.453
1167,135954.0,0.0,
1168,135955.0,22556.085223511465,0.925
1169,135961.0,64856.0759631885,1.23
1170,135964.0,73054.50579511996,0.956
1171,135966.0,43611.46402842798,0.807
1172,135983.0,51578.181091680715,0.784
1173,135984.0,85860.86825251664,0.913
1174,135985.0,38490.311096729565,0.65
1175,135991.0,21448.134855530945,0.841
1176,135997.0,49269.04273171378,0.589
1177,136000.0,65109.66533213508,0.716
1178,136001.0,67692.75955962336,0.366
1179,136008.0,18918.046801004755,0.675
1180,136015.0,0.0,
1181,136018.0,49082.672556186306,1.22
1182,136020.0,22572.306756244827,1.32
1183,136022.0,0.0,
1184,136025.0,14652.8575225608,0.757
1185,136029.0,0.0,
1186,136030.0,0.0,
1187,136039.0,44776.285090129764,0.64
1188,136040.0,50042.19667560212,0.862
1189,136045.0,14187.267177409638,0.938
1190,136048.0,55387.6262001289,0.98
1191,136049.0,79737.64723401099,0.638
1192,136050.0,60198.17078574598,0.681
1193,136054.0,99187.6187659737,0.718
1194,136055.0,56767.990012619324,0.613
1195,136062.0,43532.296746785156,0.487
1196,136071.0,0.0,
1197,136076.0,14396.649636989536,0.851
1198,136079.0,147152.759450736,1.11
1199,136084.0,30836.741950005224,1.01
1200,136092.0,12816.332080794222,1.54
1201,136095.0,21218.16115722662,0.554
1202,136097.0,34510.12750266051,0.742
1203,136103.0,0.0,
1204,136106.0,12530.770514800563,0.798
1205,136110.0,39522.26076559698,0.846
1206,136115.0,29435.349149370613,0.825
1207,136116.0,45008.935431188984,0.984
1208,136118.0,29978.164080051698,1.24
1209,136121.0,38335.6653916702,0.717
1210,136130.0,43877.1848051325,0.486
1211,136133.0,38401.02476775553,0.696
1212,136144.0,43170.860957541794,0.798
1213,136153.0,32624.8708894581,0.42
1214,136158.0,0.0,
1215,136161.0,33006.98166120769,0.794
1216,136175.0,0.0,
1217,136180.0,0.0,
1218,136185.0,35121.916628964595,0.439
1219,136198.0,98252.26764077981,0.718
1220,136211.0,26084.330679992367,1.12
1221,136212.0,57886.29039900526,1.23
1222,136217.0,0.0,
1223,136222.0,10063.782003301223,0.518
1224,136225.0,34743.070855464524,0.605
1225,136228.0,24916.412437934872,1.15
1226,136230.0,125414.99483943036,0.943
1227,136231.0,74636.38985045944,0.811
1228,136243.0,9828.248286252405,1.04
1229,136245.0,29820.292962709165,1.25
1230,136248.0,42244.337542547575,0.52
1231,136249.0,20111.41782967028,0.936
1232,136251.0,13003.940645525956,1.0
1233,136254.0,80565.15027637893,0.599
1234,136257.0,38615.29133425148,0.709
1235,136259.0,37856.15706646203,1.19
1236,136266.0,32140.91825815357,1.12
1237,136267.0,37672.94964288951,0.442
1238,136269.0,46108.84780040867,
1239,136271.0,33225.86594577041,0.599
1240,136278.0,24780.858249328532,1.13
1241,136291.0,74882.72698488628,0.925
1242,136300.0,0.0,
1243,136302.0,94479.76523573397,1.04
1244,136305.0,42096.34371115317,0.453
1245,136312.0,34785.162454621546,0.736
1246,136320.0,131002.4165128,1.04
1247,136332.0,39158.095470514425,0.663
1248,136333.0,17861.10141945649,0.27
1249,136354.0,52485.155278398684,0.87
1250,136363.0,32789.748391336616,0.905
1251,136366.0,144176.40495473286,0.76
1252,136368.0,50018.82009827799,0.67
1253,136369.0,61108.718262525064,0.77
1254,136379.0,24134.932993841365,0.475
1255,136384.0,15696.61069789591,0.822
1256,136393.0,23467.648758030355,1.03
1257,136397.0,37478.55105075279,0.816
1258,136401.0,26815.105263954156,0.454
1259,136403.0,0.0,
1260,136404.0,0.0,
1261,136406.0,39094.187258185826,0.993
1262,136409.0,11691.477991441518,0.85
1263,136410.0,0.0,
1264,136411.0,16358.483744006136,0.491
1265,136419.0,48065.28564653657,
1266,136424.0,22405.486000861718,0.869
1267,136426.0,68332.11300687594,
1268,136429.0,102253.09274326706,0.717
1269,136432.0,13263.973190790819,1.1
1270,136439.0,231438.4683506837,0.495
1271,136449.0,47918.27955560917,0.919
1272,136452.0,59880.293480703,0.812
1273,136453.0,130163.0657344364,0.864
1274,136460.0,60802.43138628376,1.06
1275,136461.0,26691.933972406474,0.563
1276,136462.0,82465.61609761743,1.08
1277,136465.0,0.0,
1278,136466.0,67204.25210025132,0.929
1279,136469.0,19057.885189434433,0.889
1280,136474.0,29162.782310892606,0.654
1281,136481.0,0.0,
1282,136484.0,0.0,
1283,136487.0,30781.90096144134,0.89
1284,136498.0,41588.580036305946,0.425
1285,136499.0,82648.83479830412,0.614
1286,136505.0,0.0,
1287,136509.0,46552.238953826236,1.18
1288,136510.0,32839.18207457545,1.09
1289,136511.0,0.0,
1290,136514.0,29024.55198094824,0.728
1291,136518.0,0.0,
1292,136522.0,68526.81008637293,0.516
1293,136540.0,61015.84396983385,0.728
1294,136547.0,65511.851056027255,0.537
1295,136549.0,14698.01691419866,0.438
1296,136552.0,0.0,
1297,136569.0,0.0,
1298,136575.0,44216.64666899495,0.879
1299,136581.0,24605.854197456014,0.747
1300,136584.0,16857.897942685504,0.521
1301,136590.0,52747.452612843415,0.583
1302,136593.0,49300.27276794953,0.89
1303,136600.0,0.0,
1304,136601.0,28912.95420066242,0.83
1305,136609.0,111037.9813180349,0.814
1306,136625.0,34234.93248490994,0.917
1307,136632.0,24899.735022923538,0.807
1308,136642.0,50785.688485795654,0.45
1309,136643.0,10068.077502617356,0.975
1310,136646.0,51491.921933712794,0.78
1311,136653.0,0.0,
1312,136657.0,95465.2632056534,1.09
1313,136659.0,56190.1824811227,
1314,136667.0,28398.204352789362,0.664
1315,136670.0,21412.87859511125,0.528
1316,136673.0,32577.415514567707,0.777
1317,136678.0,33860.84589564266,0.775
1318,136685.0,49764.0841499937,0.8
1319,136687.0,22535.81442008915,0.621
1320,136688.0,57354.89187344217,0.518
1321,136693.0,70707.70976263144,0.862
1322,136694.0,0.0,
1323,136697.0,53190.235349978684,1.1
1324,136698.0,36769.28348935803,0.853
1325,136699.0,32146.697955810723,0.387
1326,136703.0,15628.023799560446,0.608
1327,136704.0,47481.19774434692,
1328,136705.0,47492.06742160147,1.14
1329,136707.0,27415.75929397969,0.918
1330,136714.0,66193.98187239887,1.47
1331,136715.0,0.0,
1332,136719.0,0.0,
1333,136725.0,0.0,
1334,136729.0,47023.2691624962,0.589
1335,136731.0,33799.77592668557,0.723
1336,136733.0,40229.028376334165,0.81
1337,136737.0,80939.92215216187,0.372
1338,136747.0,14182.816684098327,0.994
1339,136755.0,19632.67485191126,1.21
1340,136758.0,62663.92956187256,1.22
1341,136764.0,0.0,
1342,136766.0,90095.639206727,0.552
1343,136773.0,50641.27763998783,0.933
1344,136774.0,22965.9773188017,0.474
1345,136781.0,42048.23670276193,0.569
1346,136784.0,36408.7756306342,0.4
1347,136786.0,21669.381824026957,0.925
1348,136787.0,46746.74094860773,0.785
1349,136793.0,11630.634492685216,1.18
1350,136794.0,25732.767250057987,0.874
1351,136797.0,23085.39201026198,0.58
1352,136799.0,53483.570374592746,0.486
1353,136805.0,0.0,
1354,136807.0,33084.93248633826,0.735
1355,136811.0,44472.6323262199,
1356,136816.0,31631.446940024736,0.549
1357,136817.0,15040.579024163477,0.902
1358,136818.0,45145.457809533444,0.65
1359,136822.0,39003.0611874598,0.708
1360,136831.0,65774.11567034324,0.556
1361,136845.0,0.0,
1362,136848.0,17226.169701597417,
1363,136852.0,44736.921345973795,0.619
1364,136855.0,165221.86014031933,0.605
1365,136860.0,48036.36354291236,0.833
1366,136863.0,0.0,
1367,136871.0,36785.99414200472,1.17
1368,136874.0,25452.946290623215,0.556
1369,136875.0,29603.345441700225,0.54
1370,136882.0,21017.962505753403,0.67
1371,136883.0,19547.093342770553,1.51
1372,136886.0,0.0,
1373,136894.0,0.0,
1374,136898.0,99112.47988075917,0.711
1375,136899.0,33194.034573242934,0.653
1376,136909.0,16224.752815785365,0.62
1377,136911.0,130209.22257983041,0.637
1378,136912.0,18692.179336182955,0.427
1379,136915.0,62744.47332699045,0.58
1380,136916.0,54719.49071189137,0.814
1381,136918.0,128521.77255584004,0.703
1382,136929.0,24210.014242553614,0.806
1383,136932.0,33741.47986377901,1.19
1384,136933.0,0.0,
1385,136940.0,49247.25908212192,0.73
1386,136941.0,20101.61967662188,0.74
1387,136943.0,49278.111028408675,0.635
1388,136944.0,25070.15693379751,0.61
1389,136945.0,56374.159676721014,0.629
1390,136947.0,72388.66704740842,0.706
1391,136958.0,0.0,
1392,136964.0,0.0,
1393,136969.0,70595.80155237336,0.813
1394,136974.0,79249.14475278155,0.63
1395,136978.0,44219.33614945494,0.584
1396,136992.0,0.0,
1397,136996.0,169715.70182808707,
1398,137008.0,58942.60519444618,1.13
1399,137012.0,41018.277312433296,1.06
1400,137016.0,26268.31012914884,0.713
1401,137023.0,62021.04454225314,1.11
1402,137026.0,57704.64950491458,0.878
1403,137027.0,27518.689281059524,1.08
1404,137028.0,27953.109444663736,1.1
1405,137031.0,17399.64926744959,1.06
1406,137054.0,0.0,
1407,137057.0,36820.27681635347,0.98
1408,137058.0,20237.833552774795,0.899
1409,137066.0,107738.82557358088,0.458
1410,137074.0,0.0,
1411,137084.0,9643.574116560865,0.923
1412,137085.0,0.0,
1413,137086.0,38065.49163224848,
1414,137090.0,27693.27775754824,0.993
1415,137099.0,62332.83243260947,0.929
1416,137101.0,10001.36231816312,0.49
1417,137102.0,38759.86001794142,0.742
1418,137104.0,0.0,
1419,137112.0,41984.4395533177,0.931
1420,137116.0,10867.978008525019,0.927
1421,137125.0,41094.25329318162,0.668
1422,137128.0,110626.57317628013,0.892
1423,137137.0,37856.7769697179,0.749
1424,137141.0,18406.034490890124,0.956
1425,137144.0,124562.47894312223,
1426,137149.0,67478.55749109628,0.456
1427,137156.0,0.0,
1428,137157.0,90658.89640229369,0.96
1429,137158.0,76535.18166408192,0.921
1430,137160.0,47605.793013338305,0.475
1431,137171.0,23921.176022003176,
1432,137172.0,43963.02409968606,
1433,137174.0,20270.252744968693,0.834
1434,137193.0,75108.19658056788,0.79
1435,137198.0,58081.108214376865,0.897
1436,137199.0,0.0,
1437,137207.0,26441.8920905357,0.582
1438,137214.0,49369.28760734714,0.976
1439,137227.0,66727.54643071459,1.4
1440,137228.0,0.0,
1441,137236.0,144260.329979143,0.619
1442,137237.0,20900.54311335727,0.548
1443,137246.0,42595.283490222915,1.02
1444,137249.0,22393.68545424379,0.85
1445,137250.0,24275.55812669452,0.48
1446,137258.0,10779.113083600347,0.77
1447,137259.0,20513.114754916194,0.308
1448,137269.0,20310.37449359295,0.327
1449,137279.0,44919.782899894024,0.566
1450,137288.0,22796.895280311204,0.924
1451,137304.0,22887.043702879,0.726
1452,137305.0,18789.338029425606,0.527
1453,137306.0,38564.375074517055,0.776
1454,137309.0,26222.44044988091,1.2
1455,137311.0,36175.112986328415,
1456,137316.0,43056.34206188181,0.887
1457,137321.0,0.0,
1458,137323.0,98542.17410772038,0.392
1459,137327.0,0.0,
1460,137330.0,19908.154425624776,0.829
1461,137333.0,43877.14468038647,1.06
1462,137334.0,15691.619459661084,0.794
1463,137342.0,21060.60250805447,0.802
1464,137346.0,43845.53642259358,0.727
1465,137348.0,108075.64909227438,0.98
1466,137351.0,57131.63934259625,0.736
1467,137355.0,41093.75846745656,0.876
1468,137360.0,28260.240117553047,0.947
1469,137369.0,32548.13703883158,0.681
1470,137374.0,38962.18526045208,0.742
1471,137385.0,0.0,
1472,137398.0,0.0,
1473,137399.0,36345.007175422405,1.04
1474,137402.0,18509.79183259142,1.15
1475,137409.0,77200.5155767849,0.945
1476,137410.0,40075.71095155283,0.578
1477,137411.0,26363.21752321624,0.8
1478,137413.0,57424.82001130942,0.571
1479,137414.0,25537.500659965597,0.61
1480,137418.0,0.0,
1481,137428.0,60073.919112308824,0.547
1482,137431.0,84326.8410361283,
1483,137434.0,45050.312143541756,0.759
1484,137439.0,47599.09242654239,0.537
1485,137456.0,26740.816843108092,0.694
1486,137468.0,36302.15091103418,0.993
1487,137469.0,0.0,
1488,137472.0,47021.55241788005,0.565
1489,137475.0,0.0,
1490,137480.0,56095.281594266664,0.82
1491,137482.0,77815.3724347676,1.13
1492,137483.0,35880.69730393646,0.76
1493,137486.0,0.0,
1494,137493.0,27205.165349760868,1.4
1495,137501.0,83488.82438061442,0.557
1496,137503.0,55252.73706185318,0.953
1497,137514.0,0.0,
1498,137521.0,0.0,
1499,137524.0,33840.63925190974,0.715
1500,137526.0,43905.67220836183,1.17
1501,137531.0,17069.726229352735,0.491
1502,137532.0,34442.63825342495,0.85
1503,137536.0,0.0,
1504,137537.0,36967.87318145291,0.833
1505,137538.0,19786.613157563217,0.753
1506,137542.0,16534.945820278193,
1507,137553.0,12106.068715396883,0.763
1508,137555.0,0.0,
1509,137557.0,81121.91477085174,0.534
1510,137559.0,22085.13121261578,1.12
1511,137561.0,0.0,
1512,137566.0,9668.240217468941,0.722
1513,137567.0,10220.897853227929,0.954
1514,137573.0,27543.49691965437,0.874
1515,137574.0,74635.29525653149,0.709
1516,137579.0,41129.90274005158,0.962
1517,137580.0,78883.54455339568,0.875
1518,137582.0,85548.40380839343,0.871
1519,137586.0,0.0,
1520,137588.0,92044.24453126213,0.73
1521,137593.0,60143.953565103424,0.626
1522,137600.0,48213.719799645245,0.857
1523,137603.0,22883.06452359677,1.03
1524,137607.0,43304.4333715276,1.12
1525,137608.0,37469.00915402771,0.842
1526,137611.0,46094.15854560828,0.818
1527,137614.0,128043.34121288276,0.858
1528,137615.0,22148.272117285334,0.77
1529,137617.0,37502.924680363685,0.88
1530,137621.0,0.0,
1531,137626.0,47317.30460970673,1.14
1532,137629.0,23979.09224260625,0.79
1533,137631.0,80507.3240548131,0.588
1534,137641.0,19567.59312019822,0.639
1535,137643.0,29158.078458796674,0.8
1536,137644.0,45907.18225423774,1.15
1537,137649.0,55138.71986922346,0.691
1538,137653.0,41579.823523006366,0.811
1539,137660.0,0.0,
1540,137661.0,0.0,
1541,137667.0,42949.099332700294,0.696
1542,137676.0,18883.644906471487,0.493
1543,137679.0,54496.53911759905,0.98
1544,137686.0,98872.09955796896,1.47
1545,137688.0,51960.618467019616,1.28
1546,137694.0,33626.04427872301,1.07
1547,137697.0,61149.60294136206,
1548,137700.0,62341.14720650843,1.07
1549,137713.0,20691.70190310213,0.898
1550,137722.0,42008.65263205697,0.744
1551,137724.0,163339.96665893542,0.55
1552,137725.0,9065.695541982308,0.727
1553,137730.0,18783.160169222232,1.38
1554,137740.0,66881.15830108138,1.09
1555,137741.0,0.0,
1556,137748.0,21592.496572421423,1.01
1557,137749.0,41711.42526744581,0.588
1558,137757.0,62555.339638595055,0.462
1559,137761.0,48848.40187417705,0.33
1560,137777.0,93251.11092772476,0.746
1561,137795.0,88810.92909153028,0.771
1562,137804.0,34688.48496864307,0.779
1563,137809.0,214382.94781588417,0.511
1564,137810.0,43807.21416010935,0.777
1565,137811.0,34946.424530431395,0.41
1566,137812.0,15044.843889422453,0.56
1567,137814.0,11434.564086682385,0.799
1568,137815.0,102962.03613818866,1.14
1569,137818.0,71300.58543102344,0.61
1570,137824.0,27242.63482666126,1.0
1571,137826.0,22149.214067449935,
1572,137827.0,183094.8701245019,0.358
1573,137829.0,60703.40809567614,0.598
1574,137833.0,13019.859079955537,1.18
1575,137840.0,111410.07256912756,0.805
1576,137845.0,19798.513005680812,0.83
1577,137848.0,57101.77034301021,0.631
1578,137851.0,44626.922207725285,0.307
1579,137854.0,0.0,
1580,137856.0,51599.56556027132,0.451
1581,137861.0,47293.730933638086,0.98
1582,137867.0,25723.725888452947,0.57
1583,137869.0,34540.9620618315,0.825
1584,137871.0,65519.90517530726,0.645
1585,137889.0,23404.410487152458,0.87
1586,137890.0,40871.86544130227,0.663
1587,137891.0,53067.16493553994,0.619
1588,137898.0,11718.460682233244,
1589,137899.0,73679.53052634689,
1590,137900.0,93093.30391951358,0.58
1591,137905.0,44726.81315462813,0.495
1592,137909.0,29481.01586376332,0.92
1593,137915.0,24364.004764310044,
1594,137917.0,0.0,
1595,137919.0,0.0,
1596,137924.0,70183.13495820305,0.623
1597,137928.0,29522.230814769253,0.881
1598,137930.0,0.0,
1599,137933.0,51494.96698431236,0.802
1600,137935.0,0.0,
1601,137937.0,15724.392688255286,0.606
1602,137946.0,0.0,
1603,137951.0,0.0,
1604,137955.0,76014.19159686056,0.455
1605,137964.0,34384.01223451613,0.623
1606,137970.0,57143.135211471024,0.775
1607,137974.0,18897.209509887045,0.537
1608,137975.0,34596.199451690394,0.696
1609,137980.0,0.0,
1610,137989.0,53320.602316978104,
1611,137990.0,26961.763455924553,1.13
1612,137996.0,60163.9354904914,0.668
1613,138001.0,63708.75901255169,0.77
1614,138009.0,39074.59872096114,0.68
1615,138012.0,60959.74809804459,0.706
1616,138016.0,30314.658205331718,1.29
1617,138021.0,88863.07865433216,0.732
1618,138029.0,34871.86616102759,
1619,138031.0,74098.50439223376,0.459
1620,138032.0,0.0,
1621,138037.0,59537.914674945205,0.86
1622,138040.0,122729.37988400897,0.85
1623,138044.0,19600.824130259574,0.619
1624,138063.0,63244.95166939758,0.64
1625,138066.0,0.0,
1626,138089.0,49278.436295790845,0.725
1627,138094.0,14880.331478132404,0.736
1628,138096.0,0.0,
1629,138102.0,74324.60753837373,0.901
1630,138108.0,34117.09781726034,0.74
1631,138109.0,35077.29931308201,0.73
1632,138111.0,12695.629838937164,0.507
1633,138118.0,0.0,
1634,138121.0,65954.51981955119,0.973
1635,138124.0,75630.48851055656,0.833
1636,138127.0,0.0,
1637,138131.0,31888.046315377676,0.72
1638,138138.0,36142.83361669032,0.618
1639,138142.0,45002.801103984806,1.17
1640,138147.0,67291.5688311153,0.93
1641,138148.0,46017.60716594892,0.564
1642,138150.0,31310.053257782816,1.85
1643,138156.0,31274.241128634625,0.658
1644,138159.0,56670.23629987893,0.66
1645,138163.0,88876.90448903185,0.487
1646,138170.0,42427.86034054497,0.842
1647,138172.0,42115.61277573094,0.57
1648,138178.0,17686.66259695318,0.849
1649,138192.0,47344.494945778824,0.686
1650,138194.0,94950.16273592836,0.463
1651,138204.0,10411.38453363169,0.881
1652,138206.0,45339.271428532906,1.2
1653,138214.0,21212.688987496356,1.11
1654,138218.0,20017.47751055529,0.559
1655,138222.0,0.0,
1656,138226.0,26436.165578213833,0.455
1657,138233.0,79433.54171531872,0.517
1658,138236.0,29482.5825274645,0.474
1659,138239.0,32695.721861981634,0.674
1660,138249.0,51001.82289421434,0.77
1661,138250.0,43753.482591494656,0.74
1662,138251.0,103699.8347848716,0.686
1663,138263.0,42855.11111947186,0.501
1664,138270.0,73036.73848059285,0.614
1665,138271.0,22470.012558927734,0.565
1666,138276.0,21842.544539449977,0.557
1667,138277.0,53073.25207726694,0.707
1668,138285.0,41888.79389913505,
1669,138286.0,20311.060528335463,0.834
1670,138292.0,19292.050848020128,0.382
1671,138301.0,58324.94779929078,1.01
1672,138302.0,33687.79125649835,0.512
1673,138307.0,31272.378420867917,0.682
1674,138308.0,81748.04719969016,0.92
1675,138323.0,51475.93803249232,0.779
1676,138325.0,0.0,
1677,138338.0,64078.907791789,0.69
1678,138339.0,58985.36485364294,0.771
1679,138342.0,87801.4864017405,0.652
1680,138343.0,38162.165482975106,0.912
1681,138350.0,25762.969986856606,0.377
1682,138352.0,21061.06065170446,0.93
1683,138357.0,23196.74901150051,0.778
1684,138359.0,38679.57269338868,0.874
1685,138363.0,27549.257226882237,0.707
1686,138364.0,19544.431252429404,0.552
1687,138372.0,21006.061324785936,0.46
1688,138373.0,0.0,
1689,138378.0,19665.298373200156,1.53
1690,138383.0,65854.86577234605,0.817
1691,138385.0,16837.784216111093,0.445
1692,138389.0,26529.930926310713,0.672
1693,138395.0,43243.254684662665,1.1
1694,138400.0,81907.0280067194,0.93
1695,138402.0,49394.48529941073,0.598
1696,138403.0,38280.120926354684,
1697,138404.0,78552.22161844368,0.682
1698,138409.0,56181.33575823542,0.787
1699,138410.0,32397.05240588071,0.72
1700,138417.0,0.0,
1701,138418.0,38380.005576036674,0.719
1702,138428.0,76479.26521828922,0.74
1703,138429.0,0.0,
1704,138430.0,51221.98860969558,
1705,138435.0,30812.706100380827,0.7
1706,138436.0,22982.44069954137,1.08
1707,138443.0,18839.787818236186,1.02
1708,138445.0,32812.283684236776,0.955
1709,138446.0,0.0,
1710,138449.0,20395.887470351467,0.652
1711,138458.0,56141.79914267099,0.59
1712,138462.0,21289.775265161737,0.714
1713,138471.0,41552.656192377035,1.72
1714,138472.0,54967.021346921574,0.718
1715,138473.0,71309.08778289985,0.803
1716,138476.0,61641.1135061165,0.817
1717,138483.0,22524.692134662455,0.762
1718,138490.0,72609.47659454822,0.386
1719,138498.0,13404.186269945887,0.337
1720,138501.0,187470.09058961459,0.581
1721,138507.0,69876.0892493545,1.18
1722,138509.0,16526.7493458537,0.84
1723,138510.0,16410.637766220985,0.891
1724,138516.0,67723.46682990454,0.798
1725,138518.0,22623.36890824214,0.693
1726,138519.0,0.0,
1727,138525.0,30227.02970471471,0.579
1728,138527.0,24577.368327510976,0.507
1729,138531.0,0.0,
1730,138535.0,46537.44542292981,0.907
1731,138537.0,16758.545270229555,0.506
1732,138549.0,17288.054004081103,1.05
1733,138550.0,42793.69019328531,0.731
1734,138551.0,17568.608823953466,0.973
1735,138552.0,0.0,
1736,138555.0,60875.77945591173,0.57
1737,138565.0,14532.903997237934,0.519
1738,138569.0,0.0,
1739,138576.0,19193.231725839196,1.32
1740,138585.0,42064.65548086201,0.91
1741,138591.0,0.0,
1742,138594.0,0.0,
1743,138596.0,46035.35955413477,1.09
1744,138600.0,19955.99076947132,1.14
1745,138602.0,15848.105828829326,1.36
1746,138603.0,38877.78475000255,0.477
1747,138605.0,0.0,
1748,138614.0,49438.842347514765,0.77
1749,138615.0,0.0,
1750,138616.0,0.0,
1751,138617.0,18412.439191366553,0.313
1752,138625.0,47242.821027191116,0.565
1753,138626.0,10590.354057254177,0.688
1754,138627.0,54443.13644624048,0.59
1755,138630.0,20461.97470839856,0.68
1756,138633.0,30639.063086773444,0.65
1757,138635.0,31450.039416389052,0.618
1758,138636.0,16719.084064509258,
1759,138637.0,48443.81864144924,0.629
1760,138644.0,12106.068715396883,0.625
1761,138652.0,0.0,
1762,138660.0,50018.60712011645,0.663
1763,138667.0,0.0,
1764,138676.0,0.0,
1765,138678.0,30851.77148164056,1.06
1766,138682.0,28902.42319804482,0.653
1767,138683.0,32586.821200093516,0.628
1768,138685.0,147925.27987935132,
1769,138696.0,41629.01024544234,0.768
1770,138710.0,0.0,
1771,138715.0,49210.07462382582,0.594
1772,138725.0,46968.90091243448,0.519
1773,138728.0,29608.226342543298,1.37
1774,138729.0,83587.92854663846,0.9
1775,138730.0,54878.17882245203,0.621
1776,138731.0,33622.27080968352,0.927
1777,138733.0,11390.212521019457,0.994
1778,138740.0,47383.61986315221,0.659
1779,138742.0,0.0,
1780,138744.0,81685.4985014002,0.463
1781,138745.0,64867.767225105636,0.665
1782,138750.0,25576.25154019637,0.84
1783,138757.0,20229.76279067631,0.517
1784,138761.0,59859.69710105492,0.635
1785,138764.0,16735.64939033255,0.908
1786,138767.0,0.0,
1787,138771.0,37006.133357082166,0.993
1788,138773.0,0.0,
1789,138777.0,16100.497595630557,1.39
1790,138782.0,0.0,
1791,138788.0,0.0,
1792,138791.0,82864.56469622033,1.58
1793,138792.0,32040.233683487615,0.82
1794,138793.0,27907.413928274553,0.543
1795,138796.0,77079.0868873581,0.481
1796,138797.0,44225.471411912295,0.58
1797,138802.0,25462.33928459321,1.14
1798,138806.0,34754.03505143495,1.06
1799,138808.0,55779.60211074711,1.14
1800,138820.0,0.0,
1801,138826.0,24816.473038392207,0.424
1802,138828.0,41553.43651989516,1.2
1803,138841.0,22003.15632119755,1.11
1804,138843.0,33174.40456495919,0.838
1805,138846.0,44564.773796683876,0.748
1806,138859.0,21530.809078373703,1.31
1807,138863.0,0.0,
1808,138865.0,0.0,
1809,138870.0,51676.741347664625,0.86
1810,138873.0,17364.750059304053,0.981
1811,138878.0,21487.452320404467,0.761
1812,138879.0,50845.0526679021,0.767
1813,138882.0,49265.06004485407,0.509
1814,138883.0,44966.53463499043,1.38
1815,138891.0,0.0,
1816,138895.0,60746.46056967322,1.33
1817,138897.0,32003.44826828402,0.866
1818,138900.0,46205.91020344074,0.754
1819,138913.0,42174.48854987149,1.14
1820,138914.0,16982.08694882085,0.888
1821,138916.0,61801.98699544682,0.857
1822,138922.0,25238.75547457688,
1823,138930.0,17573.055233522176,0.801
1824,138942.0,100753.10524369348,1.46
1825,138947.0,57423.59032073768,0.642
1826,138956.0,27543.423289287628,0.598
1827,138958.0,0.0,
1828,138959.0,60584.96345015598,0.48
1829,138964.0,69704.99473062488,0.806
1830,138970.0,58069.570590435775,0.982
1831,138971.0,35155.15291818353,0.99
1832,138973.0,41233.04141897241,1.25
1833,138975.0,26688.026156940065,0.389
1834,138977.0,60440.199019568616,0.766
1835,138983.0,73093.64564485075,0.836
1836,138993.0,11701.30404636924,0.95
1837,138994.0,41207.13450298672,0.649
1838,138996.0,84648.28616675294,
1839,138997.0,18063.852757603476,0.583
1840,139006.0,209460.89495578373,
1841,139007.0,32401.57568858205,
1842,139011.0,49138.02153186789,0.497
1843,139013.0,103944.38286245511,1.04
1844,139015.0,19449.251900847692,0.97
1845,139017.0,15734.018261252928,0.831
1846,139018.0,58349.681699386885,
1847,139019.0,14890.06351045922,0.797
1848,139023.0,28835.734933962154,0.633
1849,139024.0,112627.06793536972,0.78
1850,139034.0,0.0,
1851,139042.0,51331.05352370822,0.55
1852,139047.0,27853.475134227916,0.859
1853,139049.0,67441.73156939728,0.627
1854,139055.0,73929.91630151635,
1855,139062.0,59972.25367354616,0.725
1856,139071.0,0.0,
1857,139074.0,34411.2290440486,0.637
1858,139076.0,24268.153509288353,0.81
1859,139078.0,18452.12197505311,1.1
1860,139079.0,35088.71441786547,0.588
1861,139081.0,84029.28051122566,1.29
1862,139087.0,0.0,
1863,139092.0,22095.223360735064,0.761
1864,139096.0,46554.6617350789,0.736
1865,139098.0,73679.53052634689,0.428
1866,139099.0,0.0,
1867,139100.0,31426.923414897006,1.06
1868,139105.0,0.0,
1869,139106.0,20485.51368047382,1.17
1870,139110.0,0.0,
1871,139127.0,0.0,
1872,139132.0,26527.600729567028,0.672
1873,139142.0,0.0,
1874,139145.0,60378.76539445166,0.347
1875,139148.0,31378.51572899856,0.785
1876,139153.0,28463.709795984265,0.938
1877,139156.0,49623.52025629649,0.319
1878,139157.0,22067.18940324779,0.52
1879,139166.0,0.0,
1880,139172.0,14872.318267146296,0.743
1881,139183.0,28188.510336687326,0.465
1882,139185.0,40693.63325969265,0.949
1883,139187.0,64653.455030786805,0.826
1884,139192.0,44057.39117244184,1.16
1885,139196.0,27851.303219712678,0.63
1886,139201.0,30609.45437767373,1.13
1887,139209.0,152031.59624528265,0.99
1888,139213.0,20347.939698619048,1.08
1889,139215.0,51385.88590475274,0.849
1890,139216.0,0.0,
1891,139224.0,75327.85919319735,0.608
1892,139227.0,90911.81683230563,0.97
1893,139229.0,9832.981701304898,0.38
1894,139230.0,0.0,
1895,139231.0,0.0,
1896,139233.0,17876.035590164523,0.891
1897,139235.0,40008.0276086269,1.04
1898,139238.0,22619.553230676273,0.535
1899,139242.0,45335.92312218761,1.01
1900,139253.0,31002.87225641489,0.601
1901,139256.0,51214.987644444154,1.17
1902,139263.0,49104.31408912081,0.907
1903,139264.0,47126.20046925337,0.96
1904,139265.0,47205.01630442377,0.697
1905,139286.0,0.0,
1906,139287.0,123799.49488814508,0.637
1907,139288.0,57054.73866431875,1.26
1908,139295.0,0.0,
1909,139296.0,0.0,
1910,139303.0,109509.13113937502,0.979
1911,139306.0,62088.96055315319,0.365
1912,139308.0,16245.683651157608,0.29
1913,139316.0,0.0,
1914,139321.0,33745.70356748313,0.648
1915,139322.0,14271.911510183425,0.884
1916,139323.0,59439.43743209755,0.785
1917,139327.0,74484.45223952073,0.36
1918,139335.0,0.0,
1919,139339.0,60381.39155910935,1.1
1920,139344.0,0.0,
1921,139350.0,0.0,
1922,139351.0,59632.33973187859,1.26
1923,139354.0,0.0,
1924,139356.0,81728.57760150534,0.457
1925,139359.0,20513.114754916194,1.02
1926,139375.0,24779.522655256875,1.03
1927,139376.0,49004.663339543775,0.843
1928,139379.0,49864.21718840512,0.827
1929,139388.0,15487.171128708096,0.713
1930,139394.0,0.0,
1931,139395.0,26826.34536131923,0.861
1932,139396.0,27792.1834818461,0.899
1933,139400.0,88325.02407904476,0.434
1934,139403.0,0.0,
1935,139405.0,76159.9430207572,0.56
1936,139409.0,46716.52988490014,1.23
1937,139424.0,17084.655295171462,0.773
1938,139435.0,29886.89535136132,1.26
1939,139450.0,171873.13820849615,1.11
1940,139451.0,56845.156849084124,0.778
1941,139453.0,87143.97732847447,0.691
1942,139464.0,70370.55991563587,0.781
1943,139465.0,10490.497009901435,0.783
1944,139467.0,28618.69559495345,0.94
1945,139469.0,0.0,
1946,139474.0,28614.103878031958,0.62
1947,139484.0,37428.50455310933,0.864
1948,139502.0,84867.05111550284,0.843
1949,139503.0,0.0,
1950,139506.0,0.0,
1951,139510.0,113946.35166970262,0.956
1952,139526.0,42854.279925165996,0.625
1953,139530.0,19255.279179155146,0.432
1954,139533.0,56923.55420614183,1.28
1955,139536.0,0.0,
1956,139537.0,41072.23858092305,0.491
1957,139540.0,10780.416650636553,0.81
1958,139541.0,41393.82185949996,0.57
1959,139549.0,148436.66095766818,
1960,139552.0,33508.19131896193,1.23
1961,139553.0,53155.94606935765,0.88
1962,139559.0,43360.36441441797,1.84
1963,139569.0,37454.30609269447,0.782
1964,139570.0,47446.14746031675,0.875
1965,139571.0,54640.71549604847,1.33
1966,139573.0,11701.30404636924,0.72
1967,139575.0,13858.320013565079,0.608
1968,139577.0,0.0,
1969,139585.0,57000.29564415925,0.733
1970,139604.0,14996.28883405193,1.04
1971,139609.0,28727.910064052336,0.655
1972,139617.0,11620.099603774142,0.994
1973,139619.0,114405.7944422064,0.498
1974,139621.0,16243.484699703595,0.699
1975,139622.0,0.0,
1976,139624.0,62819.386912104805,1.09
1977,139631.0,0.0,
1978,139635.0,40756.42282954083,1.04
1979,139636.0,15347.69486541269,1.11
1980,139641.0,0.0,
1981,139645.0,41997.8817616545,1.36
1982,139648.0,13795.930403752162,0.452
1983,139649.0,188930.39828948976,0.468
1984,139650.0,20917.567195245432,0.56
1985,139653.0,48928.290343942994,0.856
1986,139657.0,62019.6431689052,1.08
1987,139658.0,65610.1500019756,0.999
1988,139660.0,16460.0121255365,0.847
1989,139667.0,54411.8000795174,0.647
1990,139672.0,39861.673764152954,
1991,139675.0,41600.06348122047,0.65
1992,139680.0,22626.083560028717,0.746
1993,139681.0,0.0,
1994,139682.0,49260.514926882934,0.53
1995,139691.0,25200.474933114947,0.72
1996,139693.0,93702.55646756038,0.651
1997,139698.0,58222.552112328376,0.832
1998,139707.0,70588.90546512032,0.648
1999,139708.0,0.0,
2000,139709.0,25278.666912200773,
2001,139710.0,60440.199019568616,0.439
2002,139718.0,20191.11584822878,0.892
2003,139719.0,53017.14612096547,0.83
2004,139724.0,63935.501132837475,0.699
2005,139728.0,11597.42137894207,1.02
2006,139729.0,0.0,
2007,139731.0,38358.93406687401,1.14
2008,139760.0,14460.525979206579,0.62
2009,139765.0,50266.296017358254,0.831
2010,139767.0,0.0,
2011,139770.0,35743.393016263435,0.942
2012,139775.0,22069.88707712741,0.49
2013,139786.0,68898.75825573404,0.428
2014,139796.0,27450.906138691313,0.95
2015,139797.0,52219.772955411994,0.748
2016,139804.0,32371.530611994334,0.957
2017,139809.0,45497.46643654487,1.18
2018,139811.0,63303.473569670816,0.643
2019,139814.0,15686.813152079287,0.59
2020,139816.0,32743.127645411958,0.65
2021,139818.0,48982.69146921364,0.841
2022,139828.0,15993.068376012588,0.581
2023,139831.0,0.0,
2024,139835.0,30535.866406246863,0.751
2025,139841.0,0.0,
2026,139846.0,27851.303219712678,0.5
2027,139848.0,33164.06362425376,
2028,139849.0,39885.010167891574,1.24
2029,139852.0,0.0,
2030,139853.0,0.0,
2031,139859.0,61077.313192999085,0.796
2032,139864.0,77640.7234301618,0.48
2033,139868.0,150059.33278207207,0.796
2034,139870.0,69062.42998560383,0.96
2035,139871.0,15962.790882503436,0.87
2036,139874.0,71300.58543102344,0.996
2037,139881.0,34100.24131956961,0.9
2038,139889.0,23160.26913051846,0.665
2039,139890.0,119658.16865075119,0.874
2040,139892.0,0.0,
2041,139894.0,80771.82346543953,0.962
2042,139898.0,19634.984645386183,0.67
2043,139908.0,0.0,
2044,139921.0,28659.587022880118,0.509
2045,139922.0,40505.64331675854,0.491
2046,139923.0,0.0,
2047,139930.0,0.0,
2048,139931.0,135817.74800774976,0.6
2049,139934.0,62363.54829672833,0.935
2050,139937.0,135480.8779285363,0.642
2051,139941.0,28529.620165604785,0.586
2052,139942.0,16490.919740921254,0.85
2053,139948.0,17115.09492110756,0.639
2054,139958.0,61240.710286092246,0.34
2055,139960.0,29390.320773100706,0.461
2056,139962.0,145583.45501040807,0.876
2057,139968.0,26602.45234510163,0.82
2058,139969.0,25477.822526772667,0.565
2059,139971.0,25181.188332609232,0.896
2060,139979.0,28719.47322285281,0.757
2061,139982.0,80745.98531539427,0.999
2062,139986.0,71359.16656520907,0.59
2063,140000.0,47808.37324826451,0.394
2064,140013.0,35431.30859453901,0.894
2065,140015.0,14906.201208667744,0.453
2066,140018.0,0.0,
2067,140019.0,29987.977204025086,0.507
2068,140030.0,28208.47031850233,0.522
2069,140035.0,28477.936463806505,1.06
2070,140038.0,14460.525979206579,0.378
2071,140045.0,42553.267560378954,0.623
2072,140057.0,16780.054541269124,0.615
2073,140059.0,38433.13943698448,0.925
2074,140069.0,30931.217985270632,1.11
2075,140071.0,47369.811109134265,0.755
2076,140072.0,48397.86521472321,0.476
2077,140078.0,40617.526391159125,0.646
2078,140081.0,32737.924229752058,0.312
2079,140083.0,31058.655439625032,0.612
2080,140087.0,29919.507461881134,0.54
2081,140090.0,16820.34492964884,0.559
2082,140093.0,0.0,
2083,140094.0,52522.412346924066,0.696
2084,140102.0,35569.9282853023,0.633
2085,140104.0,14530.767567724943,0.674
2086,140106.0,31298.29347253476,0.494
2087,140108.0,0.0,
2088,140111.0,66145.27825601862,0.479
2089,140112.0,53244.289190298965,0.88
2090,140117.0,42420.697653758536,1.02
2091,140119.0,36600.77426951982,0.958
2092,140120.0,0.0,
2093,140121.0,23352.659125891158,0.454
2094,140122.0,49146.47241392931,1.5
2095,140126.0,0.0,
2096,140129.0,38033.91489903734,0.8
2097,140133.0,54070.58838025979,0.848
2098,140138.0,51224.127291130215,1.27
2099,140140.0,49210.07462382582,0.581
2100,140146.0,0.0,
2101,140153.0,123252.49532439958,0.868
2102,140155.0,76278.71527275852,0.453
2103,140162.0,0.0,
2104,140167.0,0.0,
2105,140173.0,27682.488947399783,1.25
2106,140175.0,28741.34524660079,0.855
2107,140177.0,0.0,
2108,140180.0,57808.8333139705,0.992
2109,140182.0,0.0,
2110,140183.0,20592.611952198815,0.628
2111,140185.0,52464.298858354174,0.524
2112,140187.0,30285.13629604922,0.807
2113,140190.0,0.0,
2114,140191.0,39456.166391100705,0.869
2115,140201.0,16923.53857291148,0.689
2116,140202.0,53527.47434341777,1.0
2117,140205.0,24616.212274665497,1.14
2118,140215.0,25778.654972888256,0.538
2119,140222.0,38691.19895591178,0.776
2120,140225.0,199913.95309688206,0.42
2121,140226.0,28947.72271702032,0.644
2122,140227.0,0.0,
2123,140237.0,24406.354172872983,1.14
2124,140239.0,71773.6356569119,0.766
2125,140240.0,96842.4563720332,
2126,140243.0,62973.37674367476,0.831
2127,140244.0,65912.97002253917,0.721
2128,140249.0,40640.99855939785,0.746
2129,140258.0,0.0,
2130,140262.0,43370.87587858631,1.6
2131,140265.0,133877.2097303418,1.06
2132,140267.0,0.0,
2133,140268.0,40402.883695254844,
2134,140283.0,55106.892918813064,0.587
2135,140285.0,91651.70506110079,0.704
2136,140288.0,47130.01940169297,1.09
2137,140299.0,38949.44436291851,0.976
2138,140304.0,48304.95987698918,0.95
2139,140309.0,0.0,
2140,140311.0,40747.82481197918,0.796
2141,140313.0,45311.98884347518,0.624
2142,140316.0,85202.40603474714,0.719
2143,140317.0,21495.353600010432,0.587
2144,140322.0,118310.58258252109,1.04
2145,140329.0,23467.648758030355,0.412
2146,140335.0,0.0,
2147,140336.0,29879.409696582206,
2148,140337.0,16153.504048901461,0.999
2149,140346.0,27639.65388469548,0.697
2150,140347.0,18631.27681527339,0.98
2151,140352.0,80640.74174891468,0.719
2152,140358.0,0.0,
2153,140361.0,0.0,
2154,140363.0,26976.091699440032,1.09
2155,140365.0,44017.03732374758,0.657
2156,140370.0,0.0,
2157,140371.0,56007.34485105779,0.519
2158,140379.0,61395.55757575599,1.11
2159,140392.0,16639.87878677575,0.874
2160,140398.0,36986.26518827977,0.514
2161,140400.0,129060.24589539497,0.577
2162,140401.0,67441.73156939728,0.514
2163,140408.0,35234.65838397565,0.52
2164,140422.0,32340.626598956092,0.686
2165,140428.0,38197.582060354885,0.826
2166,140430.0,55046.34527853347,1.22
2167,140431.0,0.0,
2168,140432.0,72320.22847829844,0.528
2169,140434.0,0.0,
2170,140435.0,32271.762756126438,1.26
2171,140441.0,55414.91771143122,0.85
2172,140443.0,63476.22652607038,0.884
2173,140445.0,53704.52917607996,0.592
2174,140446.0,62204.314386098216,0.563
2175,140448.0,0.0,
2176,140449.0,22169.28983822425,0.897
2177,140450.0,0.0,
2178,140453.0,0.0,
2179,140461.0,0.0,
2180,140463.0,36785.99414200472,1.71
2181,140468.0,32267.95575542384,0.678
2182,140478.0,39471.81022983577,1.03
2183,140492.0,51612.47948178342,0.695
2184,140495.0,39885.010167891574,1.04
2185,140497.0,78657.2635125069,0.95
2186,140510.0,0.0,
2187,140512.0,110996.6267950114,0.67
2188,140515.0,0.0,
2189,140519.0,0.0,
2190,140521.0,19603.43531343879,0.501
2191,140523.0,21243.503135710176,0.721
2192,140525.0,133311.98287736083,0.57
2193,140526.0,23527.993146802797,0.92
2194,140529.0,55125.59233247502,0.73
2195,140530.0,25233.958139527516,0.673
2196,140532.0,0.0,
2197,140536.0,36689.0951478834,1.0
2198,140537.0,0.0,
2199,140547.0,48372.22412391483,0.87
2200,140559.0,43378.80670852329,0.776
2201,140563.0,12259.4081427062,0.689
2202,140566.0,87120.43985109979,0.792
2203,140571.0,206204.9825170507,0.459
2204,140574.0,0.0,
2205,140577.0,152504.8127366973,
2206,140585.0,0.0,
2207,140589.0,35676.594896503106,0.924
2208,140591.0,0.0,
2209,140595.0,25273.625333302007,0.776
2210,140600.0,0.0,
2211,140609.0,91232.68987089721,0.904
2212,140616.0,28549.895905749603,0.94
2213,140631.0,36034.98475756446,0.589
2214,140632.0,30238.713996861723,1.31
2215,140633.0,63554.23487400336,0.681
2216,140635.0,29133.913548558274,0.51
2217,140641.0,83453.43010214504,0.865
2218,140644.0,86815.60174447876,1.36
2219,140647.0,0.0,
2220,140650.0,44361.94480865697,0.897
2221,140654.0,30802.4558527345,0.903
2222,140662.0,0.0,
2223,140663.0,45137.1233851611,0.944
2224,140668.0,67029.50615895302,0.335
2225,140669.0,0.0,
2226,140672.0,119180.01454059784,1.07
2227,140675.0,0.0,
2228,140697.0,45481.71740288855,0.738
2229,140698.0,68526.81008637293,0.447
2230,140706.0,22043.667388108242,0.4
2231,140707.0,11620.099603774142,0.804
2232,140710.0,54875.406577964306,1.18
2233,140712.0,21737.542195630813,0.523
2234,140726.0,64700.071058915164,0.981
2235,140727.0,162083.1285123487,1.06
2236,140731.0,24925.028698909256,0.586
2237,140733.0,0.0,
2238,140741.0,35877.61834941148,1.02
2239,140750.0,58830.75400869276,0.545
2240,140751.0,44248.26266967441,0.58
2241,140753.0,51761.13029691831,0.524
2242,140759.0,0.0,
2243,140767.0,68021.23108940848,0.55
2244,140771.0,16605.31406300835,0.801
2245,140772.0,0.0,
2246,140780.0,66664.07898388887,0.346
2247,140781.0,45171.4743554109,0.936
2248,140783.0,61191.56063236956,0.972
2249,140787.0,76656.07397181475,0.857
2250,140789.0,0.0,
2251,140791.0,68883.37880434527,0.772
2252,140794.0,85399.27309808786,0.622
2253,140796.0,17355.219904524285,0.85
2254,140797.0,30582.57346724992,0.689
2255,140802.0,75543.55742865666,
2256,140806.0,116439.89152084445,1.0
2257,140808.0,0.0,
2258,140823.0,66862.13663429659,0.795
2259,140824.0,22105.34407540219,0.579
2260,140828.0,25871.040170072054,0.877
2261,140829.0,120855.33580506803,0.87
2262,140839.0,41002.97703325483,0.99
2263,140840.0,101101.22940462819,
2264,140845.0,0.0,
2265,140846.0,0.0,
2266,140850.0,20103.90340372985,0.846
2267,140853.0,49347.17694200531,0.409
2268,140855.0,50490.89465177568,1.25
2269,140862.0,32763.22092413396,0.515
2270,140865.0,42111.013373306734,0.576
2271,140866.0,36661.96013162031,1.25
2272,140867.0,12641.780758819972,0.576
2273,140868.0,0.0,
2274,140869.0,57090.16105369943,0.903
2275,140870.0,23807.5187023846,1.1
2276,140871.0,34151.28690337011,0.43
2277,140875.0,0.0,
2278,140877.0,49438.842347514765,0.78
2279,140884.0,31296.63853235595,0.754
2280,140888.0,37599.47212480356,1.07
2281,140889.0,0.0,
2282,140892.0,35631.72406359075,0.845
2283,140893.0,47335.50716856002,0.722
2284,140896.0,54703.90321260053,0.458
2285,140898.0,62246.352763558956,1.07
2286,140920.0,53932.7200945756,1.02
2287,140921.0,79376.66291139087,0.553
2288,140926.0,0.0,
2289,140929.0,0.0,
2290,140938.0,18049.716527026674,0.75
2291,140948.0,22565.000262786725,0.617
2292,140950.0,33079.53950169225,1.08
2293,140953.0,47514.902209843014,0.646
2294,140968.0,25824.677061942784,1.0
2295,140971.0,0.0,
2296,140976.0,7056.503314451198,0.573
2297,140989.0,30836.741950005224,0.669
2298,140991.0,30990.838031101575,0.608
2299,140995.0,10700.416227608115,0.564
2300,141001.0,68038.0484571912,0.841
2301,141003.0,29245.283288392595,0.904
2302,141004.0,59250.648108924084,1.17
2303,141017.0,93426.6886811726,0.58
2304,141022.0,98310.26116194039,0.772
2305,141025.0,21037.92798445471,
2306,141030.0,12169.475706935375,0.453
2307,141034.0,135888.49519066076,
2308,141037.0,28686.338148758965,
2309,141038.0,18957.373391561145,0.829
2310,141043.0,12807.09196461444,0.83
2311,141044.0,0.0,
2312,141045.0,0.0,
2313,141046.0,0.0,
2314,141057.0,0.0,
2315,141061.0,40149.437408074424,0.505
2316,141063.0,0.0,
2317,141067.0,23239.69957581921,0.95
2318,141069.0,63766.11374592125,0.618
2319,141070.0,26089.35958423807,1.02
2320,141072.0,16458.361234179967,0.78
2321,141078.0,28603.672172047023,0.783
2322,141086.0,0.0,
2323,141092.0,24479.364739162298,0.439
2324,141095.0,80026.87858114048,0.974
2325,141096.0,63075.09107322613,0.466
2326,141102.0,37572.04145821683,0.843
2327,141115.0,106496.65421579278,0.729
2328,141117.0,55173.585874832235,1.14
2329,141138.0,98698.25510333721,0.703
2330,141139.0,56350.62495307945,0.86
2331,141146.0,77954.76670469076,0.736
2332,141150.0,34567.75246572214,0.416
2333,141152.0,0.0,
2334,141155.0,29836.484685191925,0.632
2335,141161.0,0.0,
2336,141164.0,0.0,
2337,141166.0,29375.4146745215,1.06
2338,141168.0,55700.717885668026,0.922
2339,141169.0,28228.89482374429,
2340,141172.0,26332.827709270074,0.664
2341,141182.0,58632.38301255144,
2342,141183.0,15415.239670898076,0.261
2343,141189.0,13542.63190707661,0.599
2344,141190.0,76162.5234379529,
2345,141191.0,18292.62830381745,0.702
2346,141197.0,24906.930503094383,1.4
2347,141200.0,0.0,
2348,141214.0,73187.9477086448,1.02
2349,141221.0,120790.30853136114,0.534
2350,141223.0,33139.77603885675,0.437
2351,141224.0,15800.58046585207,1.19
2352,141237.0,0.0,
2353,141248.0,15756.209745696762,1.04
2354,141249.0,55564.333890177775,0.965
2355,141258.0,52897.74075996408,0.937
2356,141262.0,35393.673958147396,
2357,141263.0,34139.45245870547,0.876
2358,141265.0,0.0,
2359,141266.0,0.0,
2360,141273.0,49882.629387593275,0.686
2361,141274.0,45498.53936039895,0.53
2362,141280.0,0.0,
2363,141285.0,32917.35140083218,1.06
2364,141286.0,38051.72780309416,0.87
2365,141292.0,30290.337491086306,0.817
2366,141300.0,38813.230662499525,0.512
2367,141304.0,0.0,
2368,141315.0,35633.914512274394,0.896
2369,141319.0,97840.78525315595,0.926
2370,141324.0,58731.78976189264,0.765
2371,141325.0,79996.23990644979,1.22
2372,141331.0,16801.506114356085,0.601
2373,141336.0,46625.31677188846,0.591
2374,141337.0,36455.340997371764,0.977
2375,141339.0,85548.40380839343,0.874
2376,141345.0,43089.19567640797,0.8
2377,141347.0,26890.780519723023,0.91
2378,141355.0,17138.36857193259,0.686
2379,141367.0,31646.334590428778,0.477
2380,141369.0,35877.61834941148,0.83
2381,141374.0,23703.70230044523,0.696
2382,141375.0,34878.32582530451,0.493
2383,141385.0,96436.75486166793,0.457
2384,141387.0,18677.958046807784,0.588
2385,141396.0,44265.80460368459,0.531
2386,141408.0,27737.914079087208,0.922
2387,141413.0,49930.33497347268,0.87
2388,141422.0,38612.49719852678,0.56
2389,141425.0,0.0,
2390,141426.0,38553.12457434239,0.837
2391,141434.0,0.0,
2392,141444.0,18581.49551232742,0.56
2393,141445.0,50927.908759957296,0.39
2394,141453.0,0.0,
2395,141455.0,55687.9864609226,0.478
2396,141457.0,0.0,
2397,141458.0,0.0,
2398,141462.0,82628.47281147135,
2399,141476.0,30802.35857378062,0.938
2400,141478.0,32999.87738200281,0.592
2401,141480.0,14686.128785903358,0.841
2402,141496.0,30185.401100740935,1.35
2403,141497.0,86476.94600759399,0.779
2404,141500.0,56499.137657733045,0.557
2405,141501.0,0.0,
2406,141505.0,38347.0457297514,0.448
2407,141506.0,55745.03825256095,0.461
2408,141507.0,28967.588646604698,0.916
2409,141516.0,39816.16564433093,0.446
2410,141521.0,113411.01055971431,0.42
2411,141524.0,0.0,
2412,141525.0,45259.594920560674,0.772
2413,141529.0,62088.69387182933,0.804
2414,141536.0,0.0,
2415,141537.0,43759.78490647962,0.436
2416,141546.0,0.0,
2417,141549.0,82167.20246803139,0.798
2418,141553.0,0.0,
2419,141554.0,0.0,
2420,141558.0,54219.70385899187,0.7
2421,141559.0,132222.74914232403,0.849
2422,141562.0,16743.735680669517,0.445
2423,141563.0,48881.10982029306,0.724
2424,141572.0,0.0,
2425,141573.0,17996.692008157566,0.8
2426,141574.0,31024.43226849488,1.02
2427,141583.0,12794.51986617745,0.81
2428,141592.0,129347.30886873855,2.26
2429,141595.0,32148.23969713861,
2430,141600.0,72291.32841673071,1.04
2431,141602.0,70790.90650288742,0.561
2432,141605.0,20414.407076128235,0.532
2433,141611.0,20886.23552311737,0.78
2434,141612.0,52411.04007115465,0.739
2435,141633.0,0.0,
2436,141646.0,32355.296469749286,0.5
2437,141648.0,11988.87373242612,0.89
2438,141652.0,0.0,
2439,141655.0,156309.09113249404,0.846
2440,141661.0,0.0,
2441,141669.0,44618.35593293687,0.544
2442,141671.0,0.0,
2443,141679.0,0.0,
2444,141681.0,55577.58209879121,0.644
2445,141685.0,0.0,
2446,141689.0,37400.003482506,0.979
2447,141705.0,47549.17224395374,
2448,141718.0,0.0,
2449,141722.0,99146.20077716291,0.867
2450,141723.0,51010.40420029614,0.98
2451,141728.0,175055.83353144905,0.969
2452,141735.0,116913.5212921125,1.36
2453,141736.0,38768.75674913524,1.22
2454,141739.0,16610.46822054313,0.519
2455,141741.0,26973.716091362254,0.875
2456,141742.0,74892.01057830126,0.529
2457,141763.0,11996.954683245474,1.09
2458,141768.0,26948.613509042578,0.444
2459,141769.0,78439.31764201995,0.854
2460,141770.0,23701.46435266295,0.783
2461,141786.0,0.0,
2462,141787.0,13266.031074940925,
2463,141795.0,22532.97748968878,0.991
2464,141799.0,19075.467986229072,0.888
2465,141802.0,66862.22399315875,0.9
2466,141839.0,16298.659124346985,0.678
2467,141840.0,68101.60214549175,0.65
2468,141841.0,0.0,
2469,141842.0,72610.82126285306,0.725
2470,141844.0,15627.120602317005,0.993
2471,141856.0,17833.573297948256,0.775
2472,141862.0,86264.88514397402,1.04
2473,141863.0,42778.1443508483,
2474,141869.0,27159.983343170807,0.747
2475,141872.0,44009.67779248196,0.74
2476,141873.0,35903.70618610428,1.09
2477,141877.0,50668.77888663808,0.909
2478,141881.0,0.0,
2479,141884.0,43007.192482609404,0.58
2480,141888.0,35247.460204700874,2.15
2481,141895.0,67126.9759782281,0.999
2482,141897.0,36286.77750498639,0.411
2483,141899.0,50455.30654524153,1.07
2484,141901.0,24539.43773992843,0.511
2485,141907.0,15233.708493610047,
2486,141916.0,60295.30542475761,0.463
2487,141923.0,16577.09457772031,0.661
2488,141928.0,14511.022913864352,0.81
2489,141930.0,58340.660065030424,0.429
2490,141931.0,117150.9664701387,0.675
2491,141937.0,0.0,
2492,141945.0,80653.62551504234,0.427
2493,141948.0,38998.38550437462,
2494,141953.0,36211.58699395898,0.793
2495,141954.0,59213.18967530512,0.77
2496,141956.0,15663.735262109192,0.837
2497,141961.0,65531.135486380954,0.989
2498,141962.0,28352.238445742096,0.372
2499,141979.0,31702.701725751245,0.926
2500,141986.0,45054.603962533096,0.702
2501,141987.0,40167.06587913587,0.755
2502,141988.0,0.0,
2503,141991.0,0.0,
2504,142008.0,46113.091146289065,1.24
2505,142011.0,53924.171200787554,1.32
2506,142013.0,10780.416650636553,0.68
2507,142022.0,0.0,
2508,142030.0,233237.3376478954,0.772
2509,142032.0,71859.93242056941,0.34
2510,142038.0,63735.21151400384,0.633
2511,142042.0,23982.46794089973,0.631
2512,142043.0,0.0,
2513,142045.0,23733.923451473227,0.473
2514,142047.0,38888.90669805854,0.945
2515,142049.0,18918.046801004755,0.782
2516,142052.0,65232.1140337027,0.56
2517,142060.0,52344.01902813235,1.05
2518,142063.0,87055.54473958844,0.63
2519,142068.0,15045.502131243325,0.566
2520,142070.0,18387.211862777636,0.582
2521,142074.0,44936.67059651323,0.374
2522,142083.0,33395.02864348695,
2523,142088.0,19879.174083716032,0.65
2524,142090.0,0.0,
2525,142091.0,31160.97432307286,
2526,142096.0,0.0,
2527,142099.0,47209.229273754136,0.501
2528,142106.0,64552.777859248745,0.703
2529,142112.0,30171.441007791836,0.619
2530,142117.0,119447.3500198141,0.986
2531,142118.0,41253.13935988475,0.617
2532,142122.0,99754.14330896536,0.525
2533,142135.0,27520.904318111167,0.908
2534,142139.0,51835.42626455061,0.689
2535,142140.0,60440.199019568616,0.512
2536,142145.0,61138.660466716094,0.82
2537,142156.0,13942.157400384329,0.64
2538,142157.0,15506.792313461478,0.955
2539,142160.0,0.0,
2540,142166.0,117392.6269837145,0.441
2541,142167.0,16255.017033255404,
2542,142168.0,31947.648553765113,0.623
2543,142175.0,0.0,
2544,142179.0,94113.34023285635,0.796
2545,142184.0,69216.23479056617,0.85
2546,142195.0,103534.03450947365,
2547,142202.0,0.0,
2548,142208.0,50481.754316937615,0.698
2549,142210.0,20602.697942952535,0.936
2550,142225.0,10561.75850712975,0.814
2551,142226.0,0.0,
2552,142234.0,0.0,
2553,142246.0,0.0,
2554,142251.0,0.0,
2555,142263.0,28748.16196317728,0.458
2556,142269.0,27994.431773747852,0.888
2557,142272.0,36056.76776536106,0.573
2558,142277.0,68087.9801768629,0.635
2559,142280.0,66397.64904984891,0.978
2560,142282.0,0.0,
2561,142283.0,152788.17834802569,1.32
2562,142300.0,31470.6819272605,0.922
2563,142307.0,68994.17583396204,0.745
