,target
0,1
1,1
2,0
6,0
7,0
8,0
9,1
10,1
11,1
12,0
13,0
14,1
15,1
16,0
17,0
18,0
19,0
20,0
21,0
22,0
23,0
24,0
26,0
28,0
29,0
30,1
31,0
32,1
35,1
36,0
37,1
38,1
39,0
40,1
41,0
42,1
44,1
46,0
47,1
48,1
49,1
52,0
53,1
56,1
57,0
58,1
59,0
60,0
61,1
62,1
63,0
64,0
65,0
66,0
67,0
68,0
71,0
74,0
75,0
78,0
79,0
81,0
83,1
84,1
86,1
87,1
88,0
89,0
90,0
91,0
92,1
95,0
96,0
97,1
98,0
99,0
100,0
102,0
104,0
105,0
106,0
107,1
108,0
109,1
111,1
113,1
114,0
115,1
116,0
117,0
118,0
119,0
122,0
124,1
125,1
126,1
127,1
128,0
130,0
131,1
137,0
138,0
139,0
141,0
142,0
144,0
145,0
147,0
149,1
150,0
152,0
155,1
159,1
160,0
162,1
163,0
164,0
166,1
167,1
168,0
169,0
171,0
172,0
174,0
175,0
176,1
177,0
179,1
180,0
181,0
182,0
185,0
188,1
189,1
190,1
191,0
192,1
193,1
194,0
195,0
196,0
198,0
199,1
200,1
201,0
202,1
204,0
207,1
209,0
210,0
211,1
212,1
213,0
214,0
217,0
218,1
219,0
220,1
221,1
222,0
223,0
226,1
228,0
229,0
231,1
232,0
233,0
234,0
237,0
238,0
239,0
240,0
241,0
242,1
243,1
245,1
248,1
249,1
250,0
251,0
252,0
253,0
255,0
256,0
258,0
259,0
260,0
262,1
264,1
266,0
267,0
268,0
269,1
271,0
273,1
274,0
276,0
277,0
278,0
280,1
281,0
283,0
284,1
285,0
286,1
287,1
288,1
289,0
290,0
291,1
292,1
293,0
296,1
297,0
298,0
300,0
303,0
305,0
306,0
308,0
309,1
310,0
312,0
313,0
314,0
316,0
319,0
323,0
325,1
326,1
327,0
329,0
330,0
332,1
333,0
334,1
337,0
339,0
340,0
341,0
342,0
344,1
345,0
346,1
348,0
351,0
352,1
355,0
356,0
360,0
361,1
363,0
364,0
365,1
366,1
367,0
368,0
369,0
370,0
371,0
372,0
374,1
375,1
376,0
381,0
382,0
383,0
384,0
386,0
389,1
390,0
391,0
393,0
396,0
397,0
398,0
399,0
401,0
402,1
403,1
404,0
407,0
408,0
409,1
410,1
413,1
415,1
418,1
419,1
421,0
422,0
423,0
424,1
426,1
427,0
428,1
429,1
431,1
432,0
433,1
436,0
437,0
443,1
448,1
449,0
450,0
451,1
452,0
453,0
454,1
455,0
456,0
457,0
458,1
459,1
460,0
461,1
462,0
463,1
464,0
465,0
466,0
467,0
468,0
469,1
470,1
478,1
482,1
483,1
485,1
486,1
487,0
489,0
490,0
492,1
493,0
494,0
496,0
497,0
500,1
501,0
502,0
503,0
504,1
505,0
506,0
507,1
511,0
512,1
514,1
515,1
517,0
519,0
521,1
522,0
523,0
526,0
529,1
530,1
531,0
532,0
533,0
534,0
535,0
536,1
537,0
539,0
540,0
542,1
543,0
544,0
545,1
546,0
548,1
552,1
553,0
554,1
555,0
556,0
557,0
558,0
560,0
561,0
562,1
563,1
564,0
565,1
566,1
567,1
568,0
569,1
570,0
572,1
573,0
574,0
575,1
577,1
578,0
582,0
583,0
584,0
585,0
586,0
587,1
588,0
589,0
590,0
591,0
592,1
596,0
597,0
599,0
600,1
602,1
603,1
605,1
606,0
607,0
608,1
613,0
614,0
616,0
617,0
618,0
622,0
623,1
624,0
625,0
626,0
627,1
628,0
629,1
631,0
632,1
633,1
634,1
635,0
636,1
639,0
641,1
642,0
643,1
645,0
646,0
647,0
648,1
649,0
650,0
652,0
653,0
654,0
655,0
656,0
657,0
658,0
659,0
660,0
661,1
663,0
664,1
666,0
667,1
668,0
670,0
672,1
674,1
675,1
676,0
677,1
678,0
679,0
680,0
681,1
682,0
683,0
684,0
685,1
686,0
687,1
688,1
689,0
692,0
695,0
696,0
697,1
698,1
699,1
701,0
704,0
705,1
706,0
707,1
710,0
712,0
713,0
714,0
715,1
716,0
717,0
719,0
720,1
721,1
722,1
724,0
728,0
729,1
730,0
731,0
734,0
736,0
737,0
738,1
739,0
740,1
741,1
742,0
743,1
744,1
746,0
748,0
749,0
751,1
752,1
753,0
754,0
758,0
759,0
760,0
761,0
765,0
766,0
769,0
770,1
771,0
772,0
774,0
775,1
777,0
778,0
779,1
780,0
781,1
782,1
783,0
785,1
786,0
790,0
791,0
792,0
799,1
800,1
802,1
803,0
805,1
807,0
809,0
810,1
812,0
813,1
814,0
816,1
817,1
818,0
819,1
821,1
822,0
823,1
824,1
825,0
826,1
827,1
830,1
831,1
832,0
833,1
836,0
837,0
840,0
841,0
842,0
844,0
846,1
847,0
848,0
849,0
850,0
851,1
852,0
854,0
856,1
860,1
861,0
862,0
863,0
864,0
866,1
868,1
869,1
870,0
871,0
873,1
875,1
877,0
878,0
879,0
880,0
882,0
884,0
885,1
886,0
888,0
890,0
891,0
892,1
893,1
894,0
895,0
899,0
901,0
903,0
904,0
905,0
906,0
909,0
910,1
912,0
913,0
914,1
915,0
916,1
918,0
920,0
921,1
922,0
923,0
924,0
927,0
929,1
930,1
931,0
932,0
934,1
935,0
937,1
938,0
940,1
942,1
944,1
945,0
946,0
949,1
950,1
952,0
953,1
954,1
955,1
956,0
959,1
960,0
961,0
962,1
964,1
968,0
969,1
970,1
972,1
973,1
974,0
975,0
979,0
981,0
982,0
983,1
984,0
985,0
987,1
988,0
989,1
990,1
994,0
995,0
1002,0
1003,0
1005,0
1006,0
1008,0
1009,0
1011,0
1013,0
1014,0
1015,0
1016,0
1018,0
1019,0
1021,0
1022,0
1023,0
1025,1
1027,0
1028,0
1029,0
1030,0
1032,0
1033,0
1034,0
1036,0
1038,0
1040,0
1041,1
1042,0
1043,0
1044,1
1045,0
1046,0
1048,1
1049,1
1050,0
1053,1
1054,1
1055,0
1056,0
1058,0
1059,0
1060,0
1061,0
1063,0
1064,0
1066,0
1068,0
1069,1
1071,1
1072,0
1074,1
1075,0
1077,1
1078,0
1080,0
1081,0
1082,0
1083,0
1084,0
1085,0
1086,0
1088,0
1090,0
1091,0
1093,0
1095,0
1096,1
1098,0
1099,1
1101,0
1103,0
1105,1
1106,0
1108,0
1109,0
1110,0
1111,0
1112,0
1113,0
1116,0
1117,0
1118,0
1120,1
1123,0
1125,0
1127,1
1129,1
1130,1
1131,1
1132,0
1134,0
1136,0
1137,0
1140,0
1141,1
1142,1
1143,0
1144,0
1145,0
1149,1
1150,1
1152,0
1154,0
1155,1
1158,1
1159,0
1161,0
1162,1
1163,1
1164,0
1166,0
1170,0
1171,0
1172,0
1173,1
1174,1
1175,0
1176,1
1177,0
1178,0
1179,0
1180,0
1181,1
1182,0
1183,0
1185,0
1186,0
1187,0
1188,1
1189,0
1190,1
1191,0
1192,1
1193,1
1194,1
1199,0
1200,0
1201,1
1205,1
1206,0
1207,0
1208,0
1210,0
1211,0
1213,0
1214,1
1215,1
1216,0
1219,0
1222,1
1224,0
1225,0
1226,0
1227,0
1228,1
1229,0
1232,0
1235,0
1236,0
1237,0
1238,0
1239,1
1240,1
1241,0
1242,0
1243,0
1244,0
1246,0
1247,1
1248,0
1249,0
1250,1
1251,1
1252,0
1253,0
1259,1
1260,0
1261,1
1262,0
1263,0
1264,1
1265,0
1267,0
1268,1
1269,0
1270,0
1271,0
1272,0
1273,0
1276,0
1277,0
1278,0
1279,0
1280,0
1285,1
1286,0
1288,1
1290,0
1291,0
1292,1
1293,0
1294,0
1296,0
1297,1
1298,1
1299,0
1301,1
1302,0
1303,0
1305,0
1306,0
1307,1
1308,1
1309,0
1311,1
1312,0
1313,1
1314,0
1315,0
1316,1
1317,1
1318,1
1319,0
1320,1
1321,0
1322,0
1323,1
1325,1
1326,0
1328,0
1329,0
1330,0
1331,0
1332,0
1333,0
1334,0
1335,1
1336,0
1337,0
1338,0
1339,0
1340,1
1342,0
1343,0
1345,1
1346,0
1347,1
1348,0
1349,0
1350,0
1351,1
1352,1
1353,1
1354,1
1355,0
1356,0
1357,1
1360,0
1361,1
1362,0
1363,1
1364,0
1367,1
1368,0
1369,0
1370,1
1374,0
1375,0
1376,0
1377,1
1378,0
1379,0
1380,0
1381,0
1382,1
1383,0
1384,0
1387,1
1389,1
1390,0
1391,0
1395,0
1397,0
1398,1
1402,0
1404,0
1405,0
1407,0
1408,0
1409,0
1410,0
1411,1
1412,0
1413,0
1414,0
1417,1
1418,0
1420,0
1421,1
1422,0
1423,0
1424,0
1425,0
1426,1
1427,0
1428,0
1429,0
1430,1
1434,0
1435,1
1436,0
1438,0
1439,1
1444,1
1445,1
1446,1
1448,0
1449,0
1450,0
1451,1
1453,0
1455,1
1457,0
1459,0
1460,0
1462,0
1463,1
1464,0
1466,0
1470,0
1471,0
1472,0
1473,0
1474,0
1475,0
1476,0
1477,0
1478,0
1482,0
1484,0
1485,1
1486,1
1488,0
1489,0
1490,1
1491,0
1492,0
1493,0
1494,0
1495,0
1496,1
1497,0
1498,0
1499,0
1501,0
1502,0
1505,0
1506,0
1509,0
1510,0
1511,1
1512,0
1513,1
1514,1
1515,0
1516,0
1520,0
1521,1
1523,0
1524,1
1525,1
1526,0
1527,0
1528,0
1531,0
1533,0
1534,0
1535,0
1536,0
1537,0
1538,0
1539,1
1543,1
1544,1
1545,0
1546,0
1548,0
1550,0
1551,1
1552,0
1553,1
1554,1
1556,1
1558,1
1559,0
1560,0
1561,0
1562,0
1564,0
1565,1
1566,0
1567,0
1568,1
1569,0
1570,0
1571,0
1573,1
1576,0
1577,0
1578,0
1580,0
1581,1
1582,0
1584,0
1587,0
1589,1
1590,1
1593,1
1594,0
1596,0
1597,0
1598,0
1599,0
1601,0
1603,0
1606,0
1607,0
1609,0
1610,1
1612,1
1613,1
1614,0
1619,0
1620,0
1621,0
1622,0
1623,1
1625,1
1628,0
1629,0
1630,0
1631,0
1632,0
1633,0
1636,0
1638,0
1639,0
1640,0
1643,0
1646,0
1647,0
1648,0
1650,0
1651,0
1653,0
1654,0
1655,0
1657,0
1658,0
1659,1
1660,1
1663,0
1665,0
1666,1
1667,0
1668,1
1671,1
1673,0
1675,0
1677,1
1678,0
1680,0
1681,0
1682,0
1684,0
1685,1
1686,0
1687,1
1689,0
1693,0
1694,1
1695,0
1696,1
1701,1
1702,1
1703,0
1704,0
1707,0
1709,1
1710,0
1711,0
1712,0
1714,0
1715,0
1717,1
1718,0
1719,1
1720,1
1721,0
1723,0
1724,0
1727,1
1729,1
1731,1
1732,0
1733,0
1734,0
1735,0
1736,1
1738,0
1739,0
1740,1
1741,0
1743,0
1744,0
1745,1
1746,0
1747,1
1748,0
1749,0
1752,0
1754,0
1756,0
1757,0
1758,1
1759,1
1760,0
1763,0
1765,1
1766,0
1767,0
1768,0
1769,1
1770,1
1771,0
1772,0
1773,0
1774,1
1775,0
1776,1
1777,0
1781,1
1784,0
1787,0
1789,0
1790,0
1791,1
1792,0
1793,0
1794,0
1798,1
1799,0
1800,0
1801,0
1802,0
1803,1
1804,0
1805,0
1807,0
1808,1
1810,0
1811,0
1812,1
1816,1
1818,1
1819,1
1820,1
1823,1
1824,0
1825,0
1826,0
1828,0
1829,0
1831,1
1833,1
1836,0
1837,0
1839,0
1840,1
1841,1
1842,0
1843,0
1844,0
1845,1
1846,0
1847,0
1848,0
1850,0
1851,1
1853,0
1855,0
1858,0
1859,1
1861,0
1862,0
1863,0
1865,0
1867,0
1870,1
1872,0
1873,1
1874,0
1878,0
1880,1
1882,0
1883,1
1884,0
1886,0
1889,1
1891,1
1892,0
1893,0
1894,1
1895,0
1896,1
1897,0
1898,0
1899,0
1900,1
1902,0
1903,0
1904,0
1905,0
1906,1
1908,0
1909,1
1910,1
1911,1
1913,0
1914,0
1916,0
1917,1
1918,1
1919,1
1920,0
1922,1
1923,0
1924,0
1925,1
1926,0
1927,0
1930,0
1931,0
1932,1
1933,0
1934,0
1936,1
1938,0
1939,1
1940,0
1942,0
1943,0
1945,0
1946,1
1947,0
1951,0
1953,1
1954,0
1955,1
1958,0
1959,0
1960,0
1961,1
1962,0
1963,0
1970,0
1972,1
1973,0
1974,0
1975,0
1976,1
1978,0
1980,0
1981,0
1983,1
1985,0
1986,1
1988,1
1990,0
1992,0
1994,1
1995,0
1996,0
1997,0
1998,0
1999,0
2000,0
2002,1
2003,0
2004,0
2005,0
2007,0
2008,0
2009,0
2011,1
2012,0
2013,0
2014,1
2015,0
2016,0
2017,0
2019,0
2020,0
2021,1
2022,1
2023,0
2024,0
2025,0
2026,1
2028,0
2029,0
2030,0
2032,1
2033,0
2034,0
2037,1
2038,0
2039,0
2040,0
2041,0
2043,0
2044,0
2047,0
2049,1
2050,0
2051,0
2052,1
2053,0
2054,0
2057,0
2058,1
2059,1
2060,1
2061,1
2062,0
2064,0
2066,1
2068,0
2070,1
2072,0
2073,0
2075,0
2078,0
2079,1
2080,0
2081,1
2083,0
2084,0
2085,1
2089,1
2090,1
2091,0
2093,1
2094,0
2096,0
2097,0
2098,0
2099,1
2100,0
2101,0
2103,1
2105,1
2106,0
2108,1
2110,0
2111,0
2113,0
2114,0
2115,0
2116,1
2118,0
2120,1
2121,1
2122,0
2123,0
2124,1
2127,0
2128,0
2129,0
2130,0
2132,1
2133,1
2135,0
2136,0
2137,0
2138,0
2139,0
2140,0
2141,0
2142,0
2143,1
2144,1
2145,1
2146,0
2147,0
2148,0
2149,0
2151,0
2154,0
2155,0
2156,0
2158,0
2160,0
2161,0
2162,1
2167,1
2168,0
2169,1
2170,1
2172,0
2174,0
2175,0
2176,0
2177,0
2178,1
2179,1
2181,1
2182,0
2184,0
2185,0
2186,1
2187,0
2188,1
2189,0
2190,0
2193,0
2194,0
2195,1
2197,0
2198,0
2201,0
2203,1
2205,0
2206,0
2208,0
2209,0
2211,0
2213,1
2215,0
2216,1
2217,0
2218,1
2219,0
2228,0
2229,0
2230,1
2232,0
2234,0
2235,0
2236,0
2237,0
2239,1
2240,1
2241,0
2244,0
2245,0
2247,0
2250,1
2253,0
2254,0
2255,1
2256,0
2257,0
2258,1
2259,0
2260,0
2261,0
2263,0
2264,0
2265,0
2267,0
2268,0
2269,0
2270,1
2273,1
2275,0
2276,0
2277,0
2278,0
2281,1
2283,1
2284,0
2285,1
2287,0
2288,0
2289,0
2291,0
2293,0
2294,1
2297,0
2298,0
2299,1
2300,1
2301,1
2304,0
2305,1
2306,1
2309,0
2311,1
2312,0
2313,0
2314,0
2315,0
2316,0
2318,1
2321,1
2325,0
2326,0
2328,0
2329,0
2331,0
2332,0
2333,0
2334,1
2337,1
2342,1
2343,0
2344,1
2345,0
2347,0
2348,0
2349,0
2350,0
2351,0
2352,1
2354,0
2355,0
2357,0
2360,1
2361,1
2362,1
2363,0
2366,1
2367,0
2368,0
2370,0
2371,0
2372,1
2373,1
2376,0
2377,1
2378,0
2379,0
2380,0
2382,1
2383,1
2384,0
2385,0
2387,1
2390,0
2391,1
2392,1
2393,0
2394,0
2397,1
2398,0
2399,0
2401,0
2402,0
2403,0
2404,1
2405,1
2406,0
2407,0
2408,1
2409,0
2410,0
2411,0
2413,0
2415,1
2417,1
2418,0
2419,1
2423,0
2424,1
2425,1
2426,0
2427,0
2429,0
2430,0
2431,0
2432,0
2433,1
2434,0
2436,0
2437,0
2438,0
2439,0
2440,0
2441,1
2442,0
2443,0
2447,1
2448,0
2449,1
2450,1
2451,1
2454,0
2457,1
2458,1
2459,1
2460,0
2461,0
2462,0
2463,1
2464,0
2468,0
2469,1
2471,1
2472,0
2473,0
2475,0
2477,0
2480,1
2484,0
2486,0
2487,1
2488,0
2489,0
2490,0
2491,1
2492,1
2493,0
2494,0
2495,0
2497,0
2498,0
2500,0
2502,0
2503,1
2505,0
2506,1
2507,1
2511,1
2513,0
2514,1
2515,1
2517,0
2518,1
2520,0
2521,0
2522,0
2523,0
2525,1
2526,0
2527,1
2528,0
2529,0
2530,1
2531,0
2532,0
2533,0
2535,0
2536,0
2538,0
2540,1
2542,0
2543,0
2544,1
2546,1
2548,1
2549,0
2550,1
2551,1
2552,0
2553,0
2554,0
2555,0
2556,0
2557,0
2558,0
2559,0
2560,0
2561,0
2563,1
2564,0
2565,1
2567,1
2568,1
2569,0
2570,0
2571,0
2572,0
2574,0
2575,0
2576,0
2578,1
2579,0
2580,1
2581,0
2582,1
2583,0
2584,1
2585,1
2586,1
2587,0
2592,0
2593,0
2594,0
2595,0
2598,0
2599,0
2600,0
2601,0
2602,0
2604,1
2605,0
2606,1
2607,0
2608,0
2612,0
2613,0
2614,0
2615,1
2616,0
2617,0
2618,1
2620,0
2623,0
2624,1
2625,0
2626,1
2627,0
2629,0
2631,0
2632,0
2634,0
2635,0
2636,0
2637,0
2640,1
2641,1
2642,0
2643,0
2644,0
2645,1
2646,1
2647,0
2649,0
2650,0
2652,0
2653,1
2654,0
2655,1
2657,0
2658,0
2660,1
2661,0
2662,0
2663,0
2664,1
2666,0
2668,0
2669,1
2670,0
2671,1
2672,1
2673,0
2675,0
2677,0
2678,0
2679,0
2680,0
2681,0
2682,1
2686,1
2687,1
2688,1
2690,0
2691,0
2692,0
2693,0
2696,1
2697,0
2698,1
2699,0
2700,1
2702,0
2703,0
2704,0
2705,1
2706,1
2707,0
2708,0
2709,1
2710,0
2711,0
2712,0
2713,1
2714,1
2715,0
2716,0
2717,0
2718,1
2719,1
2720,0
2721,1
2722,1
2723,1
2726,1
2728,0
2730,0
2731,0
2733,1
2734,0
2735,0
2736,1
2737,0
2738,1
2742,0
2744,1
2745,1
2747,0
2749,0
2751,1
2752,1
2753,0
2755,0
2756,0
2757,1
2758,0
2759,1
2761,1
2762,0
2763,0
2765,1
2766,0
2767,0
2768,1
2769,0
2771,1
2772,0
2773,0
2774,0
2775,0
2776,0
2778,1
2780,0
2781,1
2782,1
2783,1
2784,0
2788,1
2789,0
2791,0
2792,1
2793,1
2794,1
2796,0
2799,0
2800,0
2801,0
2803,0
2804,0
2805,1
2806,1
2807,1
2809,0
2810,1
2813,1
2814,1
2815,1
2816,0
2817,0
2820,0
2821,0
2822,1
2824,0
2828,0
2829,1
2830,1
2831,0
2832,1
2833,0
2834,0
2837,0
2838,0
2840,0
2843,0
2844,0
2845,0
2846,0
2847,0
2848,0
2851,0
2853,0
2855,1
2856,0
2857,0
2858,0
2860,0
2862,1
2865,0
2868,0
2869,1
2871,1
2872,0
2873,0
2874,0
2875,0
2877,0
2879,0
2883,0
2884,0
2885,1
2886,0
2887,1
2890,0
2892,1
2893,0
2895,1
2897,0
2899,0
2901,0
2905,0
2906,0
2909,1
2911,0
2912,0
2913,1
2914,0
2915,1
2918,0
2920,0
2921,0
2922,0
2924,0
2925,1
2926,0
2927,0
2929,1
2932,1
2933,0
2936,0
2937,0
2938,1
2939,0
2940,0
2942,0
2943,0
2944,1
2946,0
2947,1
2948,1
2950,0
2952,0
2953,1
2954,1
2956,1
2958,1
2959,0
2960,0
2962,0
2964,1
2965,0
2966,1
2968,0
2969,1
2970,0
2971,0
2972,1
2974,0
2976,1
2978,1
2979,1
2980,1
2982,0
2983,0
2984,1
2986,0
2988,1
2989,0
2990,0
2992,0
2993,0
2995,0
2996,0
2999,1
3000,0
3001,0
3002,1
3003,1
3004,0
3006,0
3007,0
3008,1
3010,0
3011,1
3012,0
3017,0
3018,0
3019,1
3020,0
3021,1
3022,0
3023,1
3024,1
3028,0
3034,0
3035,0
3036,0
3040,0
3041,0
3043,1
3044,1
3047,0
3048,0
3050,1
3051,1
3052,1
3056,0
3057,1
3058,0
3060,0
3061,0
3062,0
3063,0
3066,0
3067,1
3068,0
3069,0
3070,1
3072,0
3073,0
3075,0
3076,0
3077,0
3079,0
3081,1
3083,0
3084,0
3085,0
3087,1
3089,0
3090,0
3092,0
3094,1
3096,1
3097,0
3098,0
3099,0
3100,1
3101,1
3102,0
3103,0
3104,0
3106,1
3107,0
3108,0
3111,0
3112,1
3113,1
3114,0
3115,0
3117,1
3118,0
3119,1
3122,0
3124,1
3126,0
3128,0
3130,1
3131,1
3132,0
3133,1
3134,1
3135,0
3136,0
3137,0
3139,1
3140,1
3142,0
3144,0
3146,1
3147,0
3148,1
3151,0
3152,0
3153,1
3154,1
3155,1
3156,0
3157,0
3158,1
3159,0
3161,0
3163,1
3165,0
3166,0
3167,1
3169,0
3170,0
3171,0
3172,0
3173,0
3174,0
3175,1
3176,0
3177,0
3178,0
3180,1
3181,0
3182,0
3185,0
3187,0
3188,0
3189,1
3192,0
3193,1
3194,1
3197,0
3198,0
3199,1
3200,0
3201,0
3204,1
3205,0
3206,1
3208,0
3209,1
3210,0
3211,0
3212,1
3215,0
3216,1
3218,0
3220,0
3222,1
3223,0
3224,0
3225,1
3226,1
3230,1
3232,0
3233,0
3235,0
3236,0
3237,0
3238,0
3239,1
3240,0
3243,0
3244,0
3245,0
3246,0
3248,0
3249,0
3250,0
3252,0
3255,1
3256,1
3257,0
3258,0
3259,0
3260,0
3261,1
3262,0
3263,0
3264,1
3266,0
3267,1
3268,0
3269,1
3270,0
3271,0
3272,1
3279,0
3281,1
3287,0
3288,0
3289,0
3292,0
3294,0
3296,1
3297,0
3300,1
3302,0
3303,0
3305,0
3306,1
3307,0
3308,0
3310,1
3311,0
3312,1
3313,1
3314,0
3315,0
3316,0
3320,0
3322,1
3325,0
3326,0
3327,1
3328,0
3329,0
3332,0
3334,0
3335,0
3337,1
3339,0
3340,1
3341,0
3344,0
3345,0
3346,1
3347,0
3348,1
3349,0
3351,1
3352,0
3353,0
3354,0
3355,0
3356,0
3361,0
3363,0
3365,1
3366,0
3367,1
3368,1
3369,0
3370,1
3372,1
3374,0
3375,0
3376,1
3378,0
3380,0
3381,1
3382,0
3384,1
3386,0
3387,0
3388,1
3391,0
3394,0
3395,0
3396,0
3397,0
3398,0
3399,1
3400,0
3401,1
3402,0
3403,1
3404,0
3405,0
3406,0
3407,1
3408,0
3409,0
3413,0
3414,0
3415,0
3416,0
3417,0
3418,1
3419,0
3420,1
3421,1
3422,1
3423,1
3424,1
3425,0
3428,0
3430,0
3432,0
3433,0
3434,1
3435,0
3440,0
3443,0
3444,1
3445,0
3447,0
3448,0
3449,0
3451,0
3452,0
3453,1
3456,0
3457,0
3458,1
3460,1
3461,1
3462,0
3463,0
3465,1
3468,1
3470,1
3474,1
3475,0
3476,0
3478,0
3479,0
3480,0
3481,0
3483,1
3484,0
3485,0
3486,0
3487,0
3490,0
3491,1
3492,1
3493,0
3496,0
3497,0
3499,0
3500,0
3503,0
3504,1
3505,1
3506,0
3512,1
3513,0
3515,0
3516,0
3517,0
3522,1
3524,1
3528,1
3529,0
3530,0
3531,0
3533,0
3534,1
3536,1
3537,0
3538,1
3540,0
3541,0
3545,0
3547,0
3548,0
3550,1
3551,0
3552,0
3554,1
3555,0
3556,1
3557,0
3558,0
3559,0
3560,0
3562,0
3565,1
3566,0
3567,1
3568,1
3570,0
3573,0
3576,0
3577,0
3578,0
3579,0
3580,1
3581,1
3582,1
3587,0
3588,1
3591,0
3592,1
3593,0
3594,0
3596,1
3597,0
3598,0
3599,0
3600,0
3601,1
3604,0
3606,1
3608,0
3609,0
3610,1
3613,0
3614,0
3616,1
3617,0
3620,1
3621,0
3622,0
3624,0
3625,1
3628,1
3629,0
3631,0
3632,0
3633,1
3634,0
3637,0
3639,0
3640,1
3641,1
3643,0
3644,0
3645,0
3646,0
3647,1
3649,0
3650,0
3651,0
3652,1
3654,0
3655,0
3658,1
3659,0
3661,0
3662,1
3664,0
3666,1
3667,1
3668,1
3669,0
3670,0
3671,1
3673,0
3674,1
3675,0
3676,0
3677,0
3678,0
3679,1
3682,0
3684,1
3685,0
3686,1
3687,0
3688,0
3690,0
3691,0
3694,0
3695,1
3696,1
3697,0
3699,0
3701,1
3702,0
3703,1
3704,0
3705,0
3706,1
3707,0
3710,1
3713,0
3714,0
3715,0
3717,1
3718,0
3720,0
3721,0
3724,0
3728,0
3729,1
3732,0
3734,1
3735,0
3736,1
3737,0
3739,0
3740,1
3741,0
3742,1
3743,1
3745,0
3746,1
3748,0
3751,0
3752,0
3755,0
3756,0
3757,0
3758,1
3759,1
3760,0
3764,0
3766,1
3768,1
3769,1
3770,1
3771,1
3772,0
3773,1
3774,1
3775,1
3776,1
3777,1
3778,1
3779,1
3780,0
3785,0
3786,0
3787,0
3788,1
3789,1
3790,0
3793,0
3794,0
3795,0
3798,0
3799,1
3800,1
3801,0
3803,0
3804,0
3805,0
3806,0
3807,0
3808,0
3809,1
3810,0
3811,1
3812,1
3813,0
3814,0
3815,0
3816,0
3818,0
3819,0
3820,1
3822,0
3823,0
3824,0
3825,0
3826,0
3828,0
3830,1
3831,0
3832,0
3833,1
3834,1
3837,0
3838,0
3839,1
3841,0
3843,1
3844,1
3848,0
3849,0
3850,0
3852,1
3853,0
3854,1
3856,0
3857,0
3859,1
3860,0
3862,1
3863,1
3866,0
3867,1
3868,0
3869,0
3871,0
3872,0
3875,0
3876,0
3877,0
3878,1
3879,0
3881,0
3883,0
3884,0
3886,0
3887,1
3888,1
3890,0
3893,1
3894,0
3895,1
3897,0
3898,0
3899,0
3900,1
3902,0
3903,0
3904,1
3905,1
3906,0
3908,1
3909,0
3910,0
3911,1
3914,1
3915,1
3916,1
3918,1
3919,0
3920,0
3921,0
3923,0
3924,0
3925,1
3926,1
3928,0
3929,0
3930,0
3931,0
3932,0
3933,1
3934,0
3935,0
3936,0
3937,1
3942,1
3944,0
3945,1
3946,1
3948,0
3949,0
3950,0
3951,1
3952,0
3953,0
3954,0
3956,0
3958,0
3959,1
3960,0
3961,0
3962,0
3963,1
3964,1
3965,0
3966,1
3967,0
3970,1
3972,0
3973,0
3974,1
3975,0
3976,1
3978,1
3981,0
3983,1
3984,0
3986,0
3988,0
3989,0
3991,0
3995,0
3997,1
3999,1
4000,1
4001,0
4002,1
4003,0
4004,1
4005,1
4007,0
4010,1
4011,1
4014,0
4015,1
4016,0
4018,0
4020,0
4021,1
4022,0
4023,0
4025,1
4026,0
4027,1
4028,1
4029,1
4030,1
4031,0
4032,0
4033,1
4034,0
4035,1
4036,1
4039,1
4040,0
4041,1
4043,1
4045,0
4046,0
4047,0
4048,0
4049,0
4051,1
4052,0
4053,1
4054,0
4056,1
4057,1
4058,1
4059,0
4060,0
4061,1
4063,0
4065,0
4067,0
4068,0
4069,1
4071,0
4072,1
4074,1
4075,0
4076,0
4078,0
4079,0
4080,1
4081,0
4082,0
4083,0
4084,0
4086,0
4087,0
4088,0
4089,0
4090,0
4092,1
4093,1
4094,0
4097,0
4098,0
4099,0
4100,0
4101,0
4102,0
4104,0
4108,1
4109,0
4110,1
4111,0
4112,0
4113,0
4115,0
4117,1
4118,1
4119,1
4123,1
4124,1
4125,0
4126,0
4127,0
4128,0
4129,0
4132,0
4133,0
4134,0
4136,0
4137,1
4138,1
4139,0
4141,1
4145,1
4146,1
4149,1
4150,1
4151,1
4153,0
4154,0
4155,0
4158,0
4159,0
4160,0
4163,1
4165,0
4166,1
4167,0
4168,0
4172,1
4173,0
4174,0
4175,1
4176,0
4177,0
4180,1
4181,1
4183,0
4184,1
4185,1
4186,0
4187,0
4188,0
4189,0
4192,0
4193,0
4194,0
4195,0
4196,0
4198,1
4201,0
4202,0
4203,0
4204,0
4205,1
4206,1
4207,0
4209,0
4212,0
4213,0
4214,1
4216,0
4217,0
4220,0
4221,1
4224,0
4225,0
4226,0
4228,0
4229,0
4232,0
4233,0
4234,1
4235,0
4236,0
4237,0
4238,0
4239,0
4242,1
4245,1
4246,0
4248,0
4249,1
4250,0
4251,0
4252,0
4255,0
4256,0
4257,0
4258,0
4259,0
4262,0
4264,0
4267,0
4268,0
4271,0
4273,0
4274,1
4275,0
4276,1
4278,0
4280,1
4282,0
4286,0
4287,0
4288,0
4290,0
4293,0
4294,0
4295,0
4297,0
4298,0
4299,1
4305,0
4307,0
4308,0
4309,1
4312,1
4313,0
4314,1
4317,0
4318,0
4319,0
4320,0
4322,0
4325,0
4326,1
4328,0
4329,1
4330,0
4333,0
4334,0
4335,0
4336,1
4337,0
4338,0
4339,0
4341,0
4342,1
4343,0
4345,0
4346,0
4349,1
4350,0
4351,1
4352,0
4353,0
4354,0
4355,0
4356,0
4357,1
4359,0
4362,0
4363,0
4364,0
4365,1
4366,0
4367,0
4368,0
4369,1
4370,0
4371,0
4373,1
4375,0
4376,0
4378,0
4379,0
4380,0
4381,0
4382,0
4384,0
4386,0
4387,0
4390,0
4391,0
4393,1
4394,0
4395,0
4397,0
4398,1
4399,1
4403,0
4406,0
4410,0
4411,1
4412,0
4413,0
4414,0
4415,0
4416,0
4418,0
4422,1
4424,0
4426,1
4427,1
4428,0
4429,0
4431,1
4434,1
4435,0
4439,1
4440,0
4443,0
4444,0
4446,0
4447,1
4448,1
4449,1
4450,1
4451,0
4453,0
4454,1
4456,1
4457,0
4458,1
4459,1
4460,1
4461,0
4465,1
4466,0
4467,1
4469,1
4470,0
4471,0
4472,1
4473,0
4474,0
4476,0
4478,0
4479,0
4480,0
4483,0
4484,0
4486,1
4488,0
4489,0
4492,0
4496,1
4498,0
4499,1
4500,0
4501,1
4503,1
4505,0
4507,1
4508,0
4511,0
4513,1
4515,0
4516,0
4518,0
4519,1
4520,1
4521,0
4523,0
4524,0
4525,1
4526,1
4528,1
4530,1
4532,0
4535,0
4536,0
4538,0
4539,0
4540,1
4541,0
4542,1
4544,1
4545,0
4546,1
4547,0
4548,1
4549,0
4550,1
4551,0
4553,1
4554,1
4557,0
4558,0
4560,0
4561,1
4562,1
4563,1
4564,1
4566,1
4567,0
4568,1
4569,0
4570,0
4573,1
4575,0
4577,0
4579,1
4581,0
4583,0
4584,0
4586,1
4587,1
4588,0
4589,1
4591,0
4592,1
4593,1
4594,0
4596,0
4598,0
4599,1
4600,0
4601,0
4602,0
4604,0
4606,1
4607,1
4608,1
4609,0
4610,1
4611,0
4612,1
4613,0
4614,0
4615,0
4616,1
4617,1
4618,0
4620,0
4621,0
4622,1
4623,1
4624,0
4625,0
4626,0
4628,0
4629,0
4631,1
4632,1
4635,0
4636,1
4638,0
4642,0
4643,0
4644,1
4645,0
4646,0
4647,0
4648,1
4649,0
4650,0
4651,0
4652,0
4653,0
4654,1
4655,1
4657,0
4658,1
4659,0
4660,1
4661,0
4662,0
4663,0
4664,0
4665,1
4666,1
4668,0
4669,0
4670,0
4671,0
4674,1
4675,0
4678,0
4679,0
4682,0
4686,0
4687,1
4688,1
4689,1
4690,1
4691,0
4692,0
4693,0
4694,0
4696,1
4697,0
4699,1
4700,0
4705,1
4706,0
4707,1
4708,1
4709,0
4710,0
4711,1
4712,1
4713,0
4714,0
4715,0
4716,0
4717,0
4720,0
4722,0
4723,0
4724,0
4725,0
4726,0
4730,0
4732,0
4733,1
4734,0
4737,0
4738,0
4739,0
4740,0
4741,0
4742,0
4743,1
4744,1
4745,0
4748,1
4750,1
4751,1
4752,1
4753,1
4754,0
4756,1
4759,0
4762,0
4763,1
4764,1
4765,0
4766,0
4767,0
4768,0
4769,1
4770,0
4771,0
4772,0
4773,0
4774,1
4775,0
4776,0
4777,0
4779,1
4780,1
4781,0
4782,0
4783,0
4789,0
4791,0
4792,0
4794,0
4795,0
4796,0
4798,1
4799,0
4801,0
4803,1
4805,1
4806,0
4807,1
4809,1
4810,0
4811,0
4812,0
4813,1
4814,0
4816,0
4817,1
4818,0
4819,0
4820,0
4821,1
4822,0
4823,0
4825,0
4826,1
4828,1
4829,0
4831,0
4832,0
4833,1
4835,1
4838,0
4839,1
4840,0
4841,1
4842,0
4844,0
4845,1
4848,1
4849,1
4850,1
4854,1
4855,0
4858,1
4859,0
4860,1
4861,0
4862,0
4863,0
4864,0
4865,1
4866,0
4867,0
4868,0
4869,1
4870,1
4871,0
4872,0
4873,0
4874,0
4875,0
4876,0
4877,1
4879,0
4882,0
4883,0
4884,0
4885,0
4887,0
4888,1
4891,0
4892,1
4893,0
4894,0
4897,1
4903,1
4906,1
4908,0
4909,1
4910,1
4912,0
4913,1
4914,0
4917,0
4920,0
4921,1
4922,0
4923,0
4924,1
4927,0
4928,0
4930,0
4932,0
4934,0
4936,0
4938,0
4939,0
4940,0
4943,0
4946,0
4947,1
4951,1
4952,1
4953,0
4954,0
4956,0
4958,1
4961,1
4965,1
4966,0
4969,0
4970,1
4971,0
4972,0
4973,1
4974,0
4975,0
4977,0
4978,1
4979,0
4980,1
4983,1
4986,0
4987,1
4988,1
4989,0
4991,0
4993,0
4994,1
4997,0
4998,0
4999,1
5003,0
5004,0
5006,0
5007,1
5008,0
5010,0
5011,0
5012,0
5013,1
5014,0
5017,0
5018,1
5019,1
5020,0
5021,1
5022,1
5023,0
5024,0
5025,0
5026,1
5027,0
5028,1
5031,0
5033,1
5034,1
5035,0
5036,0
5037,0
5038,1
5040,0
5041,1
5044,0
5045,0
5047,0
5048,0
5049,0
5050,1
5054,0
5057,0
5059,1
5061,0
5063,0
5064,0
5065,1
5067,0
5068,0
5069,1
5070,0
5071,0
5072,1
5073,1
5074,1
5075,1
5076,1
5078,1
5079,0
5080,0
5081,1
5082,1
5083,0
5085,1
5087,0
5088,1
5089,0
5091,0
5092,0
5093,0
5094,1
5095,0
5096,0
5097,1
5098,1
5099,0
5100,0
5101,0
5102,1
5104,1
5105,0
5106,0
5107,1
5109,1
5111,1
5114,0
5116,1
5117,0
5118,0
5120,0
5121,1
5122,0
5123,0
5124,0
5125,1
5126,0
5127,0
5129,0
5130,0
5131,1
5132,0
5133,1
5134,1
5136,0
5138,0
5139,1
5141,0
5143,1
5144,1
5145,0
5148,0
5149,1
5150,1
5151,0
5152,0
5154,0
5155,1
5156,0
5157,0
5158,0
5159,0
5161,0
5162,0
5163,1
5164,0
5166,1
5167,1
5168,0
5170,1
5171,0
5172,0
5173,1
5174,0
5175,0
5177,0
5178,0
5180,0
5181,0
5182,0
5183,0
5184,0
5185,0
5186,1
5188,1
5189,0
5191,1
5192,1
5193,0
5195,0
5203,0
5204,1
5205,0
5207,1
5208,0
5209,0
5210,1
5211,0
5213,0
5215,1
5218,0
5219,1
5221,0
5224,0
5225,0
5227,0
5229,0
5230,1
5231,0
5235,0
5237,1
5238,1
5241,0
5243,0
5244,1
5245,0
5248,1
5249,1
5253,0
5255,0
5256,0
5257,0
5259,0
5260,0
5261,0
5262,1
5263,0
5264,0
5265,1
5266,0
5267,0
5268,0
5271,1
5272,1
5273,0
5275,0
5276,0
5278,1
5281,1
5284,0
5285,1
5286,0
5287,1
5289,0
5290,1
5291,1
5293,0
5294,1
5296,0
5297,0
5299,0
5300,0
5302,0
5304,0
5305,0
5308,0
5309,0
5313,1
5314,0
5315,0
5316,1
5317,0
5319,0
5321,0
5322,1
5323,0
5324,0
5325,0
5326,0
5327,1
5328,0
5330,1
5331,1
5333,0
5334,1
5335,1
5336,1
5337,0
5338,1
5340,0
5341,0
5342,1
5345,0
5346,0
5348,0
5350,1
5352,0
5353,0
5354,0
5355,0
5356,1
5358,1
5360,0
5361,0
5362,1
5363,1
5364,1
5365,1
5367,1
5369,0
5371,1
5374,0
5375,0
5376,1
5378,0
5381,0
5383,0
5388,0
5390,0
5392,0
5394,1
5397,0
5398,0
5399,0
5404,1
5405,0
5406,0
5407,0
5408,0
5409,0
5410,0
5411,1
5412,1
5413,0
5414,0
5416,0
5417,0
5418,1
5419,1
5420,0
5422,0
5423,0
5426,0
5427,0
5428,1
5429,1
5430,0
5431,0
5433,0
5434,0
5436,0
5437,0
5438,0
5441,0
5443,0
5444,0
5446,0
5448,0
5449,0
5450,1
5452,0
5454,0
5456,1
5459,0
5461,1
5463,0
5464,1
5465,0
5466,0
5467,0
5468,0
5469,0
5470,0
5471,0
5473,0
5475,1
5476,1
5477,1
5480,0
5481,1
5482,0
5484,0
5485,0
5487,1
5488,0
5489,1
5490,0
5493,1
5494,0
5495,1
5498,0
5499,1
5500,0
5503,0
5504,0
5505,1
5507,0
5508,0
5510,0
5511,0
5512,0
5513,0
5514,0
5515,1
5517,0
5520,0
5522,0
5524,0
5528,0
5530,1
5532,1
5533,0
5534,1
5535,1
5536,0
5537,0
5538,1
5539,1
5540,0
5541,0
5542,0
5543,1
5544,1
5545,0
5547,0
5548,1
5549,0
5550,1
5551,0
5552,0
5554,0
5557,0
5559,0
5560,0
5561,1
5562,0
5563,0
5564,0
5565,1
5566,0
5567,0
5568,1
5571,0
5574,0
5575,1
5576,0
5577,0
5578,0
5579,0
5581,0
5582,0
5583,0
5584,1
5585,0
5586,0
5588,0
5589,1
5591,1
5593,0
5594,0
5595,1
5598,1
5600,0
5601,0
5602,0
5604,0
5605,0
5607,0
5608,0
5609,0
5610,0
5611,0
5612,0
5613,1
5614,0
5615,1
5617,0
5618,1
5619,0
5620,0
5621,0
5622,0
5623,0
5624,0
5626,1
5627,1
5628,0
5632,0
5634,0
5635,1
5636,0
5637,0
5638,0
5640,0
5642,1
5645,0
5647,0
5653,1
5655,0
5656,0
5657,0
5658,0
5659,0
5660,0
5661,0
5662,1
5663,1
5664,0
5665,0
5667,0
5668,1
5669,1
5672,0
5673,0
5674,1
5675,0
5676,0
5679,1
5680,1
5681,1
5682,0
5684,0
5685,0
5686,1
5689,1
5690,1
5692,0
5693,0
5694,1
5695,0
5696,1
5697,0
5699,0
5701,0
5704,1
5705,0
5706,0
5709,0
5710,0
5711,0
5713,1
5714,0
5715,1
5716,0
5717,0
5719,0
5722,0
5723,0
5724,0
5728,1
5729,1
5730,0
5731,0
5732,0
5733,0
5734,0
5735,1
5736,1
5737,0
5738,0
5739,0
5740,0
5742,0
5744,1
5745,0
5746,0
5747,0
5749,0
5750,0
5751,1
5752,0
5754,1
5755,0
5756,0
5758,1
5759,0
5761,1
5763,1
5764,0
5766,0
5768,0
5769,1
5770,0
5771,1
5773,0
5774,1
5777,1
5779,0
5782,1
5783,0
5784,1
5785,1
5786,0
5788,0
5789,0
5790,0
5791,0
5794,0
5795,1
5796,1
5797,0
5798,1
5800,0
5802,0
5805,0
5807,0
5808,0
5809,1
5810,0
5811,1
5812,0
5813,0
5814,0
5815,1
5816,0
5817,1
5820,0
5823,0
5826,1
5827,0
5828,0
5832,0
5833,1
5836,0
5838,1
5840,0
5841,1
5842,0
5843,0
5844,0
5845,0
5846,0
5847,0
5848,0
5849,1
5851,0
5852,0
5853,0
5854,0
5855,1
5857,0
5862,0
5863,0
5865,0
5866,0
5868,1
5869,0
5871,0
5872,0
5873,0
5874,0
5875,1
5876,0
5877,1
5878,1
5879,0
5880,1
5882,0
5883,1
5887,1
5888,0
5889,0
5890,0
5893,0
5894,0
5896,0
5898,1
5899,0
5900,0
5901,0
5903,0
5904,1
5905,1
5906,1
5907,1
5908,1
5909,0
5910,1
5911,1
5912,0
5913,0
5914,0
5915,1
5918,1
5920,1
5921,1
5922,0
5923,0
5926,0
5927,0
5928,0
5929,1
5930,1
5931,0
5932,0
5933,0
5934,0
5936,0
5937,1
5940,1
5941,0
5942,0
5943,1
5944,1
5945,0
5947,1
5948,1
5950,1
5951,1
5952,0
5953,0
5955,1
5956,1
5957,0
5958,0
5959,0
5960,1
5961,0
5963,0
5964,1
5966,0
5967,0
5968,0
5970,0
5971,0
5973,1
5974,0
5975,0
5976,0
5977,1
5978,0
5979,0
5980,0
5981,0
5982,0
5983,0
5984,1
5986,0
5987,1
5988,0
5989,1
5991,0
5992,0
5995,0
5996,0
5997,0
5998,0
5999,0
6000,0
6003,0
6005,0
6006,1
6007,1
6011,1
6014,0
6016,0
6019,0
6020,1
6021,1
6022,1
6023,0
6024,1
6027,1
6028,1
6029,0
6030,1
6031,0
6032,0
6034,1
6037,1
6038,1
6039,0
6040,1
6041,0
6043,0
6044,1
6046,1
6048,0
6049,1
6051,0
6052,0
6055,1
6056,1
6057,0
6061,0
6062,0
6064,0
6065,1
6066,1
6067,1
6068,0
6070,1
6071,0
6072,0
6073,0
6074,0
6075,0
6076,0
6077,1
6078,0
6079,0
6080,1
6081,0
6082,0
6083,0
6084,0
6087,0
6088,0
6089,0
6090,0
6092,0
6095,0
6096,0
6098,0
6099,0
6100,1
6101,1
6102,0
6104,0
6105,0
6108,0
6111,0
6112,1
6113,0
6114,1
6116,0
6118,0
6119,0
6121,0
6123,1
6124,0
6125,1
6126,1
6128,1
6129,1
6130,0
6131,0
6132,0
6134,1
6135,0
6137,0
6138,1
6143,1
6144,0
6145,1
6147,1
6148,1
6149,1
6150,0
6151,0
6152,0
6153,0
6156,0
6157,0
6158,0
6159,0
6161,1
6162,0
6163,0
6164,1
6168,1
6169,0
6170,1
6171,0
6172,0
6173,0
6174,0
6175,0
6178,0
6179,0
6180,1
6181,0
6183,0
6184,0
6185,0
6186,0
6187,0
6188,0
6189,0
6190,0
6192,1
6193,1
6194,0
6195,0
6197,0
6198,0
6199,0
6201,0
6204,1
6205,1
6206,0
6207,0
6208,1
6209,1
6210,0
6211,0
6213,0
6214,0
6215,0
6217,0
6218,1
6221,1
6223,0
6225,1
6226,1
6227,1
6228,1
6229,1
6230,0
6231,1
6232,0
6233,1
6236,0
6238,1
6239,0
6240,1
6242,1
6243,1
6244,0
6245,0
6246,1
6247,0
6248,0
6249,0
6250,0
6251,1
6252,0
6253,1
6256,0
6258,0
6259,0
6260,0
6263,0
6264,0
6265,0
6266,0
6267,0
6268,0
6269,1
6271,0
6272,1
6273,0
6274,0
6276,0
6277,1
6278,0
6279,1
6280,0
6282,0
6283,1
6285,1
6286,1
6287,1
6289,0
6290,0
6291,0
6293,1
6295,0
6297,0
6298,1
6299,0
6301,1
6303,0
6304,1
6305,1
6307,0
6308,0
6310,0
6313,0
6314,0
6315,1
6316,0
6317,0
6318,0
6319,1
6320,0
6321,1
6322,0
6323,1
6324,0
6325,0
6327,0
6328,1
6329,0
6331,0
6335,1
6336,0
6338,1
6339,0
6340,1
6342,0
6343,0
6345,1
6346,0
6349,1
6350,0
6352,1
6353,0
6355,0
6356,1
6357,1
6358,0
6360,0
6361,0
6362,1
6365,1
6366,0
6367,0
6369,0
6370,1
6372,0
6373,0
6374,0
6375,0
6376,1
6377,0
6379,0
6380,0
6381,0
6382,1
6383,0
6384,1
6387,0
6392,0
6393,0
6396,0
6399,1
6400,0
6403,0
6404,1
6405,1
6407,0
6408,0
6409,0
6410,1
6411,0
6413,0
6416,0
6417,0
6418,0
6419,0
6420,0
6421,0
6422,1
6423,0
6424,0
6425,0
6428,1
6430,0
6432,1
6434,0
6436,1
6437,0
6439,0
6440,0
6442,1
6443,0
6444,0
6445,0
6447,0
6448,0
6449,0
6450,0
6451,0
6453,0
6454,1
6455,0
6456,1
6457,1
6458,0
6459,0
6460,1
6461,1
6462,0
6469,0
6470,0
6471,0
6472,0
6474,0
6475,1
6476,0
6477,0
6478,0
6481,0
6486,1
6487,1
6488,1
6489,0
6490,0
6492,1
6494,0
6496,0
6497,0
6500,0
6501,0
6502,0
6503,0
6504,0
6505,1
6506,0
6509,0
6510,0
6512,0
6513,0
6514,0
6515,0
6517,1
6519,1
6520,0
6521,0
6522,0
6523,1
6528,0
6529,0
6530,1
6532,1
6533,0
6534,0
6536,1
6539,0
6540,0
6543,0
6544,0
6545,0
6546,1
6548,1
6549,0
6550,1
6551,0
6552,0
6553,0
6554,1
6556,0
6557,0
6558,0
6560,1
6561,1
6564,0
6565,1
6568,1
6569,0
6570,0
6571,0
6572,0
6573,0
6574,1
6575,1
6576,0
6578,0
6581,1
6583,0
6585,0
6587,1
6588,0
6590,1
6591,0
6593,1
6594,0
6595,0
6597,0
6598,0
6599,0
6600,0
6601,1
6602,1
6603,0
6604,0
6606,1
6609,0
6610,1
6612,0
6613,0
6615,0
6616,0
6619,1
6620,0
6621,0
6624,0
6626,0
6627,0
6628,0
6629,0
6630,0
6631,1
6632,1
6633,0
6634,1
6635,1
6636,0
6637,0
6639,0
6644,1
6645,0
6646,1
6648,1
6649,0
6650,0
6651,0
6653,0
6655,1
6658,0
6659,1
6661,0
6664,1
6665,1
6667,0
6668,0
6670,0
6671,1
6673,1
6674,0
6675,1
6676,0
6677,1
6678,0
6679,0
6681,0
6682,0
6683,0
6685,0
6686,1
6687,0
6688,0
6689,1
6690,0
6691,1
6693,1
6694,0
6695,0
6698,0
6699,1
6700,1
6701,0
6702,0
6703,1
6704,1
6705,1
6706,0
6707,0
6710,1
6711,1
6712,0
6713,1
6715,0
6716,0
6717,0
6718,1
6719,1
6720,0
6722,0
6723,0
6724,0
6725,0
6727,1
6728,1
6729,0
6732,0
6733,1
6734,0
6735,0
6736,1
6739,0
6740,1
6741,1
6743,0
6745,0
6746,1
6747,1
6748,0
6750,0
6751,1
6752,0
6754,0
6755,0
6756,0
6758,1
6759,0
6761,0
6762,0
6763,0
6764,1
6765,1
6767,1
6768,0
6771,0
6775,0
6776,0
6777,0
6778,0
6779,0
6780,1
6781,1
6782,0
6783,0
6785,0
6788,0
6789,1
6790,0
6792,0
6795,0
6797,0
6798,0
6799,0
6800,1
6801,1
6802,1
6803,0
6804,1
6806,0
6807,0
6808,1
6809,0
6812,1
6813,1
6814,0
6815,0
6816,0
6817,0
6818,1
6820,0
6822,0
6824,0
6825,0
6828,1
6829,0
6830,0
6834,1
6835,0
6836,0
6837,0
6840,0
6842,1
6846,0
6847,0
6848,0
6850,0
6852,0
6854,0
6855,1
6856,1
6857,0
6859,0
6860,0
6861,1
6862,0
6863,0
6865,0
6868,0
6870,1
6871,0
6872,0
6873,0
6874,0
6875,0
6876,0
6877,0
6878,0
6880,0
6883,0
6884,0
6885,1
6886,1
6888,0
6889,1
6890,1
6891,0
6892,1
6893,0
6894,1
6895,1
6896,1
6898,0
6900,1
6901,0
6902,0
6903,0
6904,1
6905,0
6906,1
6907,0
6908,1
6909,0
6910,1
6911,0
6912,0
6913,0
6915,1
6916,0
6917,0
6920,1
6921,0
6922,0
6923,0
6924,0
6925,0
6926,0
6927,0
6928,0
6929,1
6930,1
6931,0
6932,0
6933,0
6934,0
6935,0
6936,1
6937,0
6938,0
6939,0
6940,0
6941,0
6942,0
6944,1
6945,0
6946,0
6947,0
6948,0
6949,0
6950,1
6951,1
6952,1
6953,0
6954,1
6955,1
6956,0
6957,0
6958,0
6959,0
6961,1
6963,0
6964,0
6965,0
6966,0
6967,0
6970,0
6971,1
6972,1
6973,0
6974,1
6975,1
6976,1
6977,0
6979,0
6981,0
6982,0
6984,1
6987,0
6988,0
6989,0
6990,0
6992,1
6993,1
6994,0
6996,0
6997,0
6998,0
7000,0
7001,1
7003,1
7004,0
7005,0
7006,0
7007,0
7008,1
7009,1
7010,0
7012,1
7016,1
7017,1
7018,0
7021,0
7022,1
7023,0
7024,0
7025,0
7026,1
7029,1
7030,0
7031,0
7032,0
7033,0
7034,1
7036,0
7037,1
7039,1
7041,0
7042,1
7043,1
7045,0
7046,0
7047,0
7050,0
7051,1
7053,0
7054,0
7056,0
7057,0
7058,0
7060,0
7061,1
7062,1
7063,1
7065,0
7066,1
7067,0
7068,1
7069,1
7070,0
7071,1
7073,0
7075,0
7077,1
7080,1
7082,0
7084,1
7085,0
7086,1
7087,1
7090,0
7092,1
7094,0
7095,0
7096,1
7098,0
7099,0
7100,0
7102,0
7103,1
7104,0
7105,0
7106,0
7109,1
7110,0
7111,0
7112,0
7114,0
7115,1
7116,0
7117,1
7119,0
7121,0
7122,0
7123,0
7124,0
7126,0
7127,0
7128,1
7129,1
7130,0
7131,0
7132,1
7133,1
7134,1
7135,0
7139,1
7140,0
7141,0
7142,1
7144,0
7145,0
7148,1
7152,1
7153,0
7154,0
7156,0
7157,0
7159,0
7161,0
7162,0
7163,1
7165,1
7166,0
7167,1
7169,0
7170,1
7171,1
7172,0
7174,1
7176,1
7179,0
7181,0
7182,0
7184,0
7185,1
7186,1
7188,0
7189,0
7190,0
7191,0
7192,0
7193,1
7194,1
7195,1
7197,0
7198,1
7200,0
7201,0
7202,1
7203,0
7204,0
7205,0
7207,0
7212,0
7214,0
7215,0
7217,1
7219,0
7220,1
7221,1
7224,1
7229,0
7230,0
7231,0
7232,1
7234,0
7235,0
7236,0
7237,1
7239,1
7240,0
7241,0
7242,1
7245,0
7246,0
7247,1
7248,0
7251,0
7252,0
7254,0
7257,0
7259,0
7260,0
7261,0
7262,1
7265,0
7266,0
7267,0
7271,1
7272,0
7273,0
7274,1
7275,0
7276,1
7277,0
7279,0
7281,1
7282,0
7283,0
7284,1
7285,0
7286,0
7289,0
7290,1
7291,1
7292,1
7294,0
7295,0
7296,0
7297,0
7298,0
7302,0
7303,0
7304,0
7305,0
7308,1
7309,0
7311,0
7312,0
7314,1
7315,1
7316,0
7317,1
7318,0
7320,0
7321,0
7322,0
7323,1
7324,0
7325,0
7326,0
7327,1
7328,0
7330,1
7331,1
7333,1
7334,0
7335,0
7336,0
7338,1
7340,0
7341,0
7342,1
7343,1
7344,0
7345,0
7347,0
7348,1
7349,0
7351,1
7352,0
7355,0
7356,1
7357,0
7358,0
7359,1
7360,1
7361,1
7362,0
7363,0
7364,0
7367,1
7368,0
7369,1
7370,0
7371,0
7374,1
7375,0
7376,1
7377,1
7378,1
7379,0
7382,0
7383,0
7387,0
7389,0
7390,0
7392,0
7393,1
7395,0
7396,0
7397,0
7399,0
7400,0
7401,1
7403,0
7405,0
7406,0
7408,0
7409,0
7410,0
7411,0
7412,1
7413,0
7415,1
7416,0
7421,1
7422,0
7423,1
7425,0
7426,0
7428,0
7430,0
7431,0
7432,1
7434,0
7436,0
7437,1
7438,0
7439,1
7440,0
7441,1
7442,0
7443,0
7444,1
7446,0
7447,0
7448,0
7451,0
7452,0
7453,0
7454,0
7455,0
7456,0
7457,1
7459,1
7460,0
7461,0
7462,1
7463,1
7465,0
7466,1
7467,0
7468,0
7470,0
7471,0
7472,1
7473,0
7474,1
7478,0
7480,0
7481,0
7482,1
7484,1
7485,0
7487,0
7488,0
7491,0
7492,0
7493,1
7494,1
7495,1
7497,0
7498,1
7499,0
7501,0
7503,0
7504,1
7505,1
7506,0
7507,0
7508,0
7510,0
7511,0
7512,0
7513,0
7514,0
7515,0
7516,1
7517,0
7522,0
7523,1
7525,0
7527,0
7528,1
7530,0
7531,0
7532,1
7533,1
7536,0
7543,1
7548,0
7550,1
7551,0
7554,0
7556,1
7558,0
7559,1
7561,0
7562,0
7564,1
7565,0
7569,0
7570,1
7571,1
7572,0
7574,1
7575,1
7577,0
7580,1
7582,1
7585,0
7587,0
7589,0
7592,0
7594,1
7595,1
7596,0
7598,0
7599,0
7601,1
7604,1
7606,1
7607,1
7608,0
7610,0
7611,0
7612,1
7614,0
7617,1
7618,0
7621,0
7622,0
7627,0
7628,0
7629,1
7631,0
7633,1
7634,0
7635,0
7636,1
7637,1
7638,0
7639,1
7642,1
7643,0
7644,0
7647,0
7649,0
7650,1
7653,0
7654,0
7655,0
7656,0
7658,1
7659,0
7660,1
7662,0
7663,1
7666,0
7668,0
7669,0
7670,0
7671,0
7672,1
7673,0
7675,0
7676,1
7677,0
7678,1
7679,1
7681,1
7683,1
7684,1
7685,0
7686,1
7687,1
7689,0
7690,1
7691,0
7692,0
7694,1
7695,0
7698,1
7699,0
7700,1
7702,0
7703,1
7705,0
7706,0
7708,0
7709,0
7710,0
7711,0
7712,0
7713,1
7714,0
7715,0
7716,0
7717,0
7719,1
7720,1
7722,1
7723,1
7724,0
7725,1
7726,0
7727,0
7728,0
7729,0
7731,1
7732,1
7733,0
7734,1
7735,0
7736,0
7738,1
7739,0
7740,0
7741,0
7742,0
7744,1
7745,0
7746,0
7748,1
7750,0
7753,1
7754,1
7756,0
7757,0
7758,0
7759,0
7760,1
7761,0
7762,0
7763,1
7766,1
7768,1
7769,0
7770,1
7771,0
7772,0
7773,0
7774,0
7775,1
7776,1
7778,0
7779,1
7780,0
7781,0
7782,0
7783,1
7784,0
7785,0
7786,1
7788,0
7789,0
7791,0
7793,1
7797,0
7799,1
7800,0
7802,0
7803,0
7804,0
7806,1
7807,0
7808,0
7810,1
7812,1
7813,0
7814,0
7816,0
7817,0
7818,0
7819,0
7820,1
7821,0
7822,1
7824,0
7825,1
7826,0
7827,0
7829,0
7830,0
7831,0
7833,1
7834,1
7836,0
7839,1
7840,0
7841,1
7842,1
7843,1
7847,0
7851,0
7852,0
7854,0
7856,0
7857,0
7858,0
7859,0
7860,1
7862,1
7863,0
7866,1
7869,0
7870,0
7871,0
7872,0
7874,1
7875,1
7876,1
7877,0
7879,1
7880,0
7884,0
7885,0
7888,0
7890,1
7891,1
7893,0
7894,1
7896,1
7897,0
7900,0
7902,1
7905,1
7907,0
7908,0
7910,0
7912,0
7913,1
7914,0
7916,1
7918,1
7919,0
7921,1
7922,0
7923,0
7924,0
7927,1
7928,0
7930,0
7933,0
7935,0
7937,0
7938,0
7940,0
7941,1
7942,1
7943,0
7944,0
7945,0
7946,1
7949,1
7950,1
7951,1
7952,1
7953,0
7954,1
7956,1
7958,1
7959,0
7963,0
7964,0
7967,1
7969,1
7970,0
7972,0
7973,0
7974,0
7975,1
7976,0
7977,1
7978,0
7979,0
7980,1
7981,0
7982,0
7986,0
7989,0
7990,1
7991,0
7994,0
7995,0
7996,0
7997,0
7998,0
7999,0
8000,0
8001,0
8002,0
8003,0
8006,0
8007,0
8008,0
8009,1
8012,0
8014,1
8017,0
8019,0
8020,0
8021,0
8022,0
8023,1
8024,0
8027,1
8028,1
8030,0
8031,0
8033,0
8035,1
8036,0
8037,0
8038,1
8040,0
8041,1
8042,1
8043,0
8044,1
8045,1
8046,0
8047,0
8048,0
8050,1
8053,0
8054,0
8055,1
8056,1
8057,0
8058,0
8059,1
8060,0
8061,0
8062,0
8063,1
8065,1
8066,0
8069,1
8071,0
8072,0
8073,0
8074,1
8076,1
8077,0
8078,1
8080,1
8082,0
8084,0
8085,1
8086,1
8087,1
8088,0
8089,1
8090,0
8091,0
8092,0
8095,0
8096,0
8098,0
8100,0
8102,0
8103,0
8105,0
8107,0
8108,0
8111,1
8112,0
8113,1
8114,0
8115,0
8116,1
8117,0
8118,0
8119,0
8120,0
8121,0
8123,0
8124,0
8127,0
8130,1
8131,0
8132,0
8134,0
8135,0
8136,0
8137,1
8139,0
8142,0
8143,0
8145,1
8146,1
8147,0
8149,0
8150,0
8154,0
8155,1
8156,0
8157,0
8158,0
8160,0
8161,1
8162,1
8163,1
8164,1
8165,1
8167,0
8170,0
8172,0
8173,1
8177,0
8178,0
8185,0
8187,0
8189,0
8190,0
8193,0
8194,0
8195,1
8196,0
8199,1
8200,1
8201,0
8205,0
8206,0
8208,1
8210,0
8212,1
8215,0
8217,1
8218,0
8219,1
8221,1
8222,0
8223,0
8224,0
8225,0
8226,0
8227,0
8228,0
8229,0
8231,0
8232,0
8233,1
8235,0
8238,0
8239,0
8240,0
8241,0
8242,0
8243,1
8244,0
8246,1
8247,0
8248,0
8249,0
8250,0
8251,0
8253,0
8255,0
8256,0
8257,0
8258,0
8259,0
8261,1
8263,0
8265,0
8269,0
8273,0
8275,0
8276,1
8278,1
8280,0
8281,1
8282,0
8283,1
8284,0
8288,0
8289,0
8290,1
8291,1
8293,0
8294,0
8295,0
8296,0
8297,1
8299,1
8300,1
8301,0
8302,1
8303,1
8305,0
8308,0
8310,0
8311,0
8312,0
8313,1
8314,1
8315,0
8316,0
8317,1
8319,0
8320,1
8322,0
8323,1
8324,0
8325,0
8326,0
8328,0
8329,0
8330,1
8333,0
8334,0
8335,0
8336,0
8338,1
8339,1
8340,1
8341,0
8342,0
8343,1
8344,0
8345,0
8346,1
8347,0
8348,0
8349,0
8350,0
8351,0
8352,0
8353,0
8354,1
8355,0
8356,1
8357,0
8358,0
8360,0
8361,0
8362,0
8363,1
8365,0
8366,0
8367,0
8368,0
8369,0
8370,1
8371,0
8372,0
8373,0
8374,0
8377,1
8378,1
8379,0
8381,0
8382,0
8383,0
8384,0
8385,0
8387,0
8388,0
8390,1
8396,1
8397,0
8400,0
8403,0
8406,0
8407,0
8408,0
8409,0
8411,0
8413,1
8415,0
8416,0
8420,0
8422,0
8423,0
8424,0
8425,0
8426,1
8427,0
8428,0
8429,0
8430,1
8431,1
8432,1
8433,0
8434,1
8436,0
8438,1
8439,0
8440,1
8441,0
8444,0
8445,0
8446,1
8447,1
8450,0
8451,1
8452,0
8454,0
8455,0
8457,1
8458,1
8459,1
8460,1
8461,0
8462,0
8463,0
8464,0
8465,0
8467,1
8468,0
8469,1
8470,1
8474,1
8475,1
8476,0
8477,1
8478,1
8479,1
8480,0
8481,0
8482,0
8483,0
8484,0
8485,0
8487,0
8488,1
8490,1
8491,0
8492,0
8493,0
8494,0
8495,0
8496,1
8497,0
8498,1
8499,0
8500,0
8501,1
8502,0
8503,1
8504,0
8505,0
8506,1
8507,0
8508,0
8509,1
8510,1
8511,0
8512,0
8513,0
8515,0
8516,0
8517,0
8518,1
8519,0
8520,0
8524,0
8525,0
8527,0
8529,0
8530,0
8531,0
8532,0
8534,0
8535,1
8536,0
8538,0
8539,0
8540,1
8541,1
8543,1
8544,0
8545,0
8546,0
8547,0
8548,1
8550,0
8551,1
8552,0
8553,0
8554,0
8556,0
8557,1
8558,1
8559,1
8560,1
8561,1
8562,0
8563,1
8564,0
8565,1
8567,0
8568,0
8569,0
8571,0
8572,1
8575,1
8577,1
8578,0
8581,0
8582,0
8584,1
8585,0
8586,0
8587,0
8588,0
8589,0
8590,0
8591,0
8592,0
8593,1
8594,0
8595,0
8598,0
8600,0
8601,1
8603,0
8604,1
8605,0
8606,1
8607,1
8608,0
8609,0
8611,1
8612,1
8613,0
8618,0
8620,1
8621,0
8622,0
8623,0
8624,1
8625,0
8626,1
8627,0
8630,1
8631,1
8632,1
8633,0
8635,0
8636,1
8638,0
8639,0
8640,0
8641,1
8646,0
8647,1
8648,0
8649,1
8650,0
8651,1
8652,0
8654,0
8658,0
8659,1
8661,0
8662,0
8663,0
8664,0
8665,0
8666,0
8667,1
8668,0
8669,0
8670,0
8671,0
8672,1
8674,0
8675,0
8676,1
8678,0
8679,0
8680,0
8681,1
8682,0
8683,0
8684,0
8685,0
8687,1
8688,1
8689,0
8691,0
8694,1
8695,1
8696,1
8698,0
8699,0
8700,0
8701,0
8703,0
8704,0
8706,0
8707,0
8708,0
8710,1
8711,1
8712,1
8715,0
8718,0
8719,0
8722,0
8724,1
8725,0
8726,0
8729,0
8730,0
8731,1
8733,0
8735,1
8737,1
8738,0
8739,1
8740,1
8741,0
8742,0
8743,0
8744,0
8746,0
8747,0
8748,1
8750,0
8751,0
8752,1
8753,0
8754,0
8755,0
8756,0
8758,0
8760,0
8761,0
8762,0
8766,1
8767,0
8768,1
8770,0
8771,1
8772,1
8773,0
8774,1
8778,0
8779,0
8780,0
8781,0
8782,0
8783,0
8784,1
8785,1
8786,1
8787,0
8790,1
8793,1
8794,0
8795,1
8796,0
8799,0
8801,1
8802,0
8803,0
8804,0
8806,0
8808,0
8809,0
8810,1
8815,1
8816,0
8817,1
8819,0
8820,1
8821,1
8822,0
8823,1
8824,1
8825,1
8826,1
8827,1
8828,0
8829,0
8830,1
8831,0
8833,0
8834,0
8835,0
8836,0
8838,0
8839,0
8840,1
8843,0
8845,1
8846,1
8847,0
8849,0
8850,0
8851,0
8853,0
8854,0
8856,1
8857,0
8858,1
8859,1
8861,0
8866,0
8867,0
8868,1
8870,0
8871,1
8874,0
8875,0
8878,0
8879,0
8880,0
8881,0
8882,0
8883,1
8886,0
8887,1
8888,0
8889,0
8890,0
8891,0
8892,0
8893,0
8895,0
8896,0
8897,0
8898,0
8900,0
8902,0
8903,0
8907,0
8909,1
8910,1
8912,1
8914,0
8916,1
8919,1
8921,0
8922,0
8923,0
8924,1
8925,0
8926,1
8927,1
8930,1
8931,1
8932,0
8933,0
8934,1
8936,0
8937,0
8939,0
8941,0
8943,0
8944,1
8945,0
8947,1
8948,0
8950,0
8951,1
8953,0
8954,0
8955,1
8957,1
8958,0
8959,1
8960,0
8961,0
8963,1
8964,1
8965,0
8966,0
8967,0
8968,1
8969,1
8970,1
8973,0
8974,0
8975,1
8978,0
8981,0
8982,1
8983,1
8984,1
8986,1
8988,0
8989,0
8990,0
8991,0
8992,0
8993,0
8995,1
8996,1
8998,0
9000,0
9003,0
9004,0
9005,0
9007,1
9009,0
9010,0
9011,0
9014,0
9015,1
9019,1
9023,1
9024,0
9025,0
9026,0
9030,0
9032,0
9034,0
9035,1
9036,1
9037,0
9038,0
9039,0
9040,0
9042,0
9043,0
9045,0
9046,0
9047,1
9048,1
9050,0
9053,1
9055,0
9058,0
9059,1
9060,0
9062,1
9063,0
9065,0
9067,0
9068,0
9069,0
9070,1
9071,0
9072,0
9076,0
9079,0
9080,0
9081,1
9083,1
9084,0
9085,0
9086,0
9087,1
9088,0
9089,0
9092,0
9095,0
9097,1
9100,1
9101,0
9105,0
9107,1
9108,0
9110,0
9111,0
9112,0
9113,0
9114,0
9115,1
9116,0
9117,0
9118,1
9119,0
9120,1
9122,1
9124,0
9126,0
9130,1
9131,0
9132,0
9133,0
9135,0
9136,0
9137,0
9138,1
9140,1
9141,1
9142,1
9143,1
9144,1
9145,1
9146,0
9147,1
9148,0
9149,0
9150,0
9151,0
9152,1
9153,1
9154,0
9155,0
9157,0
9158,0
9159,0
9161,0
9162,0
9165,0
9166,0
9167,1
9168,0
9170,0
9173,0
9175,1
9176,0
9177,1
9179,0
9181,0
9182,0
9183,0
9184,0
9185,0
9186,1
9187,0
9188,1
9190,0
9191,0
9192,0
9193,0
9194,1
9196,1
9198,0
9201,0
9202,1
9204,0
9206,1
9207,0
9208,1
9209,0
9210,1
9211,0
9213,0
9214,0
9215,0
9217,1
9218,1
9219,1
9222,0
9223,0
9224,0
9225,0
9226,0
9227,1
9230,0
9231,0
9232,0
9233,1
9235,0
9236,1
9238,0
9241,0
9243,0
9245,0
9248,0
9250,1
9251,0
9252,0
9256,0
9258,0
9260,0
9262,1
9263,0
9267,0
9269,0
9270,0
9272,0
9273,0
9274,0
9277,0
9278,0
9279,0
9280,1
9281,1
9282,0
9283,0
9284,0
9285,0
9287,1
9289,0
9290,0
9295,0
9296,1
9298,1
9300,0
9301,0
9302,0
9303,1
9304,0
9305,0
9306,0
9308,0
9309,1
9310,0
9311,0
9312,0
9313,0
9314,0
9315,0
9317,0
9319,0
9320,0
9321,0
9322,1
9323,1
9324,1
9327,1
9328,1
9329,0
9331,0
9333,1
9339,0
9341,0
9342,1
9344,0
9345,0
9347,0
9350,0
9351,0
9352,1
9355,0
9357,0
9358,1
9359,0
9360,0
9362,0
9363,0
9365,0
9366,0
9367,1
9369,1
9371,0
9373,1
9374,0
9375,0
9376,1
9377,0
9379,0
9380,0
9382,0
9383,0
9386,1
9389,0
9391,0
9392,1
9394,1
9396,0
9397,0
9398,0
9399,0
9402,1
9403,1
9404,0
9405,0
9407,0
9408,1
9409,1
9411,0
9412,1
9414,0
9415,1
9417,0
9418,0
9423,1
9424,0
9425,0
9429,1
9430,1
9431,1
9436,0
9437,1
9438,0
9439,1
9441,0
9442,0
9443,1
9444,0
9447,0
9448,0
9449,1
9450,1
9451,0
9452,1
9455,0
9457,0
9458,1
9459,0
9462,1
9465,0
9466,1
9467,1
9468,0
9469,1
9470,0
9471,0
9473,0
9475,0
9476,1
9477,0
9478,0
9479,0
9480,0
9481,0
9483,0
9485,1
9487,0
9488,1
9489,1
9490,0
9491,1
9492,0
9493,0
9495,1
9496,0
9497,1
9498,0
9499,0
9500,0
9501,0
9503,0
9504,1
9508,1
9509,1
9510,0
9511,0
9512,0
9515,0
9517,1
9518,1
9519,0
9520,0
9521,1
9522,1
9523,1
9524,0
9525,0
9526,0
9527,0
9529,0
9532,1
9533,1
9534,1
9537,0
9538,0
9539,0
9540,0
9541,0
9542,1
9543,0
9544,0
9547,1
9548,0
9549,0
9551,1
9552,0
9553,1
9554,1
9555,0
9556,0
9557,1
9558,1
9559,0
9560,0
9561,0
9563,0
9564,0
9565,0
9566,1
9567,0
9569,0
9571,1
9572,0
9573,1
9575,0
9576,1
9578,0
9581,0
9586,1
9587,1
9588,0
9589,0
9591,0
9592,1
9594,0
9596,1
9599,1
9600,1
9602,0
9603,1
9604,0
9605,0
9606,0
9607,1
9609,0
9616,0
9617,1
9618,1
9619,0
9620,0
9621,1
9622,0
9623,0
9626,1
9628,0
9629,0
9631,0
9632,1
9633,1
9634,0
9636,0
9637,0
9638,0
9641,0
9642,0
9643,1
9644,0
9645,0
9646,0
9647,0
9648,0
9649,0
9650,1
9654,0
9656,0
9658,0
9659,0
9660,0
9661,1
9662,0
9663,1
9664,0
9665,0
9666,1
9667,0
9668,0
9670,1
9671,1
9675,1
9676,0
9677,0
9678,0
9679,0
9680,0
9681,1
9684,0
9686,0
9687,0
9688,1
9689,1
9690,1
9691,0
9692,1
9693,0
9694,0
9696,0
9697,0
9698,0
9699,1
9700,0
9701,0
9703,0
9704,0
9706,0
9707,0
9708,1
9710,0
9712,0
9713,0
9714,0
9716,0
9717,0
9718,0
9719,0
9722,0
9723,0
9724,0
9726,1
9731,0
9732,0
9733,0
9734,0
9737,0
9738,0
9739,0
9740,0
9741,0
9743,0
9744,0
9745,0
9746,0
9749,0
9750,0
9751,0
9752,0
9753,1
9754,0
9755,0
9756,1
9757,1
9759,0
9761,0
9764,0
9765,0
9766,0
9767,0
9769,0
9770,0
9771,0
9774,1
9775,0
9776,0
9777,0
9780,1
9782,0
9783,1
9785,0
9786,1
9787,0
9788,0
9791,0
9792,0
9793,0
9794,1
9795,0
9797,0
9798,0
9800,1
9801,0
9802,0
9803,0
9804,0
9805,0
9806,0
9807,1
9809,0
9810,0
9811,1
9813,0
9814,1
9815,0
9816,0
9817,0
9818,1
9819,0
9821,0
9822,0
9823,0
9830,1
9833,0
9834,1
9837,0
9838,1
9839,1
9840,0
9841,1
9842,0
9843,0
9845,1
9846,1
9848,0
9852,1
9858,0
9859,1
9860,0
9861,0
9863,1
9865,0
9866,0
9867,1
9868,1
9869,0
9870,0
9871,0
9872,0
9874,0
9876,0
9881,0
9884,0
9886,1
9887,0
9888,0
9891,0
9893,0
9894,0
9895,1
9897,0
9898,0
9900,0
9901,1
9902,0
9903,0
9904,0
9905,1
9906,0
9907,0
9908,0
9909,0
9910,0
9911,0
9913,0
9914,0
9916,0
9918,0
9919,0
9920,0
9921,0
9922,0
9924,1
9925,1
9926,0
9928,0
9930,0
9931,0
9933,0
9935,0
9936,1
9937,0
9938,0
9939,0
9940,0
9941,1
9942,0
9943,1
9944,0
9945,0
9947,1
9949,0
9950,1
9951,0
9952,0
9953,0
9954,1
9955,0
9956,0
9957,0
9958,0
9961,1
9963,1
9964,0
9965,0
9968,0
9969,0
9970,0
9972,1
9974,0
9975,0
9976,0
9978,1
9979,0
9980,0
9981,0
9982,0
9984,0
9986,0
9989,0
9990,1
9991,1
9993,0
9994,0
9995,1
9996,0
9997,1
9999,0
10001,0
10002,1
10003,0
10004,0
10006,0
10007,1
10008,0
10009,1
10011,0
10012,0
10014,0
10016,0
10017,1
10018,1
10019,0
10020,0
10021,0
10022,0
10023,0
10025,1
10026,1
10027,1
10028,1
10029,0
10030,0
10031,0
10033,1
10034,0
10036,0
10038,1
10039,0
10040,1
10041,1
10042,0
10043,0
10044,0
10046,0
10048,1
10049,0
10050,0
10052,0
10055,0
10057,0
10058,0
10059,0
10060,0
10062,1
10064,0
10065,1
10066,1
10067,1
10068,0
10069,1
10071,0
10073,1
10077,0
10080,0
10081,0
10082,1
10086,0
10088,0
10089,1
10092,0
10093,0
10094,1
10095,0
10096,1
10097,1
10098,1
10099,1
10100,1
10101,0
10102,0
10104,0
10105,0
10106,0
10107,0
10108,1
10112,1
10113,1
10114,1
10115,1
10116,0
10117,0
10120,1
10121,0
10124,0
10127,0
10128,0
10129,0
10130,0
10131,1
10133,1
10134,0
10136,0
10139,0
10140,1
10142,0
10143,0
10145,0
10146,0
10147,0
10148,0
10149,0
10150,0
10151,0
10152,0
10153,0
10154,0
10155,1
10156,0
10157,0
10160,1
10161,0
10162,0
10163,0
10165,0
10166,1
10167,0
10168,0
10169,0
10170,0
10171,0
10172,1
10174,1
10175,0
10176,1
10178,0
10179,0
10180,1
10181,0
10183,0
10184,0
10185,1
10186,1
10187,0
10188,0
10189,0
10190,0
10191,0
10192,1
10193,0
10194,1
10198,1
10200,1
10201,1
10202,0
10203,1
10204,0
10205,0
10206,1
10208,1
10209,0
10210,0
10211,0
10212,1
10214,1
10217,1
10218,1
10220,0
10221,1
10222,0
10225,0
10226,1
10227,1
10228,0
10229,1
10230,0
10231,0
10232,0
10233,1
10234,0
10235,0
10236,1
10237,0
10238,0
10239,0
10240,0
10241,1
10242,1
10243,0
10244,0
10245,0
10247,0
10248,0
10249,1
10250,0
10251,0
10252,0
10253,0
10255,1
10257,0
10258,0
10259,1
10261,1
10262,0
10263,1
10265,1
10266,0
10267,1
10268,1
10270,0
10271,0
10272,0
10273,1
10275,0
10277,1
10280,1
10281,1
10282,1
10283,1
10285,0
10286,0
10287,0
10288,0
10289,1
10292,1
10294,0
10295,1
10296,0
10298,0
10300,1
10302,1
10303,0
10304,1
10305,0
10306,1
10307,1
10308,0
10309,0
10311,1
10312,0
10314,0
10315,1
10316,1
10318,1
10319,0
10320,0
10321,1
10324,1
10325,0
10326,1
10329,0
10330,1
10331,0
10332,0
10333,1
10335,0
10336,1
10338,0
10340,0
10342,0
10346,1
10348,0
10349,0
10350,0
10351,0
10352,0
10353,1
10354,1
10357,0
10358,1
10360,1
10361,1
10362,0
10364,1
10365,0
10366,0
10367,1
10368,0
10370,1
10371,0
10374,1
10375,0
10376,1
10377,1
10379,0
10380,0
10382,1
10383,1
10384,1
10385,1
10387,0
10388,1
10391,1
10392,1
10393,0
10395,0
10397,0
10398,0
10399,0
10401,0
10403,1
10404,0
10405,0
10406,0
10407,1
10408,0
10409,0
10410,0
10411,0
10412,0
10414,0
10416,0
10417,1
10419,0
10421,0
10423,0
10425,1
10426,0
10427,0
10429,0
10430,0
10432,0
10433,0
10434,1
10435,0
10437,0
10438,0
10439,0
10440,0
10443,0
10445,0
10446,0
10447,1
10449,0
10451,0
10452,0
10453,0
10454,0
10455,1
10456,0
10457,0
10458,1
10460,1
10463,0
10465,1
10466,1
10467,0
10469,1
10470,1
10472,0
10473,0
10474,1
10475,0
10476,0
10477,0
10478,1
10480,0
10482,0
10484,0
10485,0
10486,1
10487,0
10489,0
10491,0
10492,0
10493,0
10495,0
10496,0
10497,0
10498,0
10499,0
10500,0
10501,0
10502,0
10505,0
10506,0
10508,1
10509,0
10510,0
10512,0
10514,0
10515,0
10516,0
10517,0
10519,1
10520,0
10524,0
10525,0
10526,1
10527,1
10528,0
10529,0
10531,0
10532,0
10533,0
10534,1
10535,0
10536,1
10537,0
10538,0
10540,1
10541,0
10542,0
10544,0
10546,0
10547,1
10550,1
10552,0
10553,1
10555,1
10556,1
10557,0
10558,0
10559,1
10563,0
10564,0
10565,0
10567,0
10568,1
10569,0
10570,0
10571,0
10572,0
10573,1
10575,0
10578,0
10579,0
10580,1
10582,0
10583,1
10584,0
10586,0
10590,0
10591,0
10592,1
10593,0
10596,0
10597,0
10598,0
10599,0
10600,1
10601,0
10602,0
10605,0
10606,0
10607,1
10608,0
10609,0
10611,1
10612,0
10613,0
10614,0
10615,0
10616,0
10617,1
10619,0
10622,1
10623,0
10625,0
10628,0
10629,0
10630,1
10632,0
10633,0
10634,0
10636,0
10637,1
10640,0
10641,1
10643,1
10645,0
10646,1
10647,0
10648,0
10649,0
10650,1
10651,1
10652,0
10653,0
10654,0
10655,1
10659,0
10661,1
10662,0
10663,0
10665,0
10668,0
10669,1
10670,0
10671,0
10672,1
10673,0
10675,0
10680,0
10681,0
10682,0
10683,0
10684,0
10687,0
10688,0
10689,0
10691,0
10692,0
10693,0
10694,0
10695,1
10696,0
10697,0
10699,1
10701,0
10702,0
10703,1
10706,1
10707,1
10708,0
10710,1
10711,1
10712,0
10714,0
10715,0
10717,0
10718,0
10719,1
10722,1
10723,0
10724,0
10726,1
10727,0
10729,0
10730,0
10732,1
10735,1
10736,1
10737,0
10738,0
10739,0
10740,1
10742,0
10743,0
10744,0
10745,0
10746,0
10749,0
10751,1
10752,0
10753,0
10755,1
10756,1
10757,1
10758,0
10761,0
10763,1
10766,1
10767,0
10768,0
10769,1
10770,0
10771,1
10772,0
10773,1
10775,0
10776,1
10778,0
10779,0
10781,1
10783,0
10784,1
10785,0
10787,0
10788,0
10789,0
10790,1
10791,0
10792,1
10793,0
10794,1
10795,1
10796,0
10797,0
10798,1
10799,0
10800,0
10801,1
10802,1
10804,0
10805,0
10806,1
10808,1
10809,1
10810,1
10811,0
10815,0
10816,0
10817,0
10818,1
10819,0
10821,1
10823,1
10826,0
10827,1
10828,0
10829,1
10830,0
10831,0
10833,0
10834,0
10835,0
10836,0
10837,1
10838,0
10840,1
10841,0
10843,0
10845,0
10846,0
10847,1
10849,0
10851,1
10852,0
10853,0
10854,0
10856,0
10858,1
10860,1
10861,0
10862,0
10863,0
10866,0
10868,0
10869,1
10871,0
10872,1
10873,1
10874,1
10875,0
10876,0
10882,0
10883,0
10884,1
10885,0
10886,1
10889,1
10891,1
10892,0
10893,1
10894,0
10895,0
10896,0
10897,1
10898,0
10899,1
10900,0
10903,0
10904,1
10905,0
10907,0
10909,0
10911,0
10912,1
10913,1
10915,0
10916,1
10917,1
10918,0
10919,1
10920,0
10921,0
10922,0
10923,1
10924,0
10925,1
10927,0
10928,1
10929,1
10931,0
10932,0
10933,1
10934,1
10935,1
10936,0
10937,1
10938,0
10939,1
10940,0
10941,0
10945,1
10946,0
10947,1
10948,1
10949,0
10950,0
10951,0
10952,1
10956,1
10957,0
10958,0
10959,0
10960,0
10961,0
10963,0
10966,0
10967,0
10969,0
10970,1
10971,1
10975,0
10976,1
10978,0
10979,1
10980,0
10983,0
10984,0
10986,0
10987,0
10988,1
10990,0
10991,0
10992,1
10993,0
10994,0
10995,1
10996,0
10997,0
10998,1
11000,0
11001,0
11002,0
11003,1
11005,0
11007,0
11008,1
11009,0
11011,0
11014,1
11015,0
11017,0
11018,0
11019,0
11020,1
11021,0
11022,0
11023,0
11024,1
11025,1
11026,0
11027,1
11028,0
11029,1
11030,0
11031,0
11032,0
11033,1
11034,1
11035,0
11036,0
11037,1
11038,0
11039,0
11040,0
11041,1
11042,0
11045,0
11046,1
11047,0
11048,0
11049,1
11050,1
11052,0
11053,1
11057,1
11058,1
11059,0
11061,0
11062,1
11063,0
11064,1
11065,1
11066,0
11067,1
11068,0
11069,0
11070,1
11071,0
11072,1
11073,0
11075,0
11076,0
11078,0
11081,1
11082,1
11083,1
11084,0
11085,0
11086,0
11087,1
11088,0
11089,0
11090,0
11091,1
11092,1
11095,0
11096,0
11098,0
11099,0
11100,0
11101,1
11104,0
11105,0
11106,0
11107,1
11110,0
11111,0
11112,1
11113,0
11115,0
11117,1
11118,1
11119,0
11120,1
11121,1
11122,1
11123,1
11124,0
11125,1
11127,0
11128,0
11129,1
11130,1
11132,0
11133,1
11134,0
11136,1
11137,0
11140,0
11141,0
11142,1
11147,0
11148,0
11149,0
11150,0
11151,1
11154,0
11157,0
11159,0
11160,1
11161,0
11162,1
11163,0
11165,0
11169,0
11170,1
11171,1
11172,0
11173,0
11175,0
11177,0
11179,0
11180,1
11182,0
11183,0
11184,0
11185,0
11186,0
11188,0
11189,1
11190,0
11191,1
11192,1
11195,0
11196,0
11197,1
11198,1
11199,0
11200,1
11201,1
11202,1
11203,1
11205,0
11206,1
11207,1
11208,0
11211,0
11212,0
11213,1
11214,0
11215,0
11216,1
11217,0
11218,1
11219,1
11222,0
11224,1
11226,0
11229,0
11230,1
11231,1
11233,0
11234,0
11236,1
11237,0
11238,1
11239,0
11243,0
11244,1
11245,0
11247,1
11248,0
11250,0
11251,1
11252,0
11253,0
11256,0
11257,0
11258,0
11259,1
11262,1
11263,0
11264,1
11265,1
11266,0
11267,0
11269,1
11270,0
11271,0
11275,0
11276,1
11277,0
11278,0
11279,0
11280,1
11282,1
11284,0
11285,1
11286,0
11287,0
11291,0
11294,0
11295,0
11296,0
11297,0
11298,0
11299,1
11300,0
11302,1
11303,0
11306,1
11309,1
11310,0
11311,1
11313,0
11314,0
11316,1
11318,1
11319,0
11320,0
11323,1
11324,0
11325,0
11326,1
11328,0
11331,1
11332,1
11334,1
11335,0
11336,0
11337,1
11339,1
11341,0
11342,1
11343,1
11344,0
11345,0
11347,1
11348,0
11350,0
11351,0
11352,1
11354,0
11356,0
11357,0
11358,0
11359,0
11361,0
11362,0
11363,0
11364,0
11365,0
11366,0
11367,0
11368,0
11369,1
11371,0
11372,0
11374,1
11376,1
11377,0
11378,1
11379,1
11381,0
11382,1
11383,0
11384,0
11385,0
11386,1
11387,0
11388,1
11390,0
11391,0
11392,0
11393,0
11394,0
11395,1
11397,0
11399,0
11402,0
11403,1
11404,0
11405,1
11406,0
11411,0
11412,1
11413,0
11415,0
11417,0
11418,0
11421,0
11423,0
11424,0
11425,0
11427,0
11428,0
11430,0
11433,0
11434,0
11435,0
11436,1
11437,1
11438,0
11440,0
11441,0
11443,0
11445,0
11446,1
11447,0
11448,1
11449,0
11453,0
11454,0
11456,0
11457,1
11458,1
11459,0
11460,0
11464,0
11465,1
11466,0
11468,0
11469,0
11470,0
11471,1
11472,0
11473,0
11478,0
11480,1
11482,0
11483,1
11484,0
11485,0
11486,1
11488,1
11489,0
11490,0
11491,1
11493,0
11494,0
11495,1
11500,0
11501,1
11502,0
11504,1
11505,0
11506,0
11507,1
11508,0
11511,0
11514,1
11516,1
11518,0
11519,0
11523,0
11524,0
11525,0
11526,1
11528,1
11529,0
11530,1
11532,0
11534,1
11535,1
11536,0
11537,0
11538,0
11539,0
11540,0
11543,1
11544,0
11545,0
11546,0
11547,0
11548,1
11549,0
11550,0
11554,0
11555,0
11556,1
11557,0
11558,0
11560,0
11561,0
11563,0
11564,0
11565,0
11566,0
11568,0
11571,1
11573,0
11574,0
11576,0
11579,0
11580,1
11582,0
11583,0
11585,1
11588,0
11589,1
11590,1
11591,1
11592,0
11593,0
11594,0
11595,1
11596,0
11597,0
11598,1
11599,1
11601,0
11602,1
11603,0
11605,0
11606,0
11607,1
11608,0
11609,0
11611,1
11614,0
11615,1
11616,1
11620,1
11621,0
11622,0
11624,0
11627,1
11628,0
11629,1
11630,0
11631,0
11633,0
11634,1
11635,0
11637,0
11638,0
11640,1
11641,0
11642,0
11643,1
11645,0
11646,1
11647,1
11648,0
11649,0
11650,1
11651,1
11652,0
11654,0
11655,0
11656,1
11657,0
11658,0
11659,0
11660,0
11661,1
11664,0
11666,0
11669,0
11670,0
11672,1
11673,0
11674,0
11676,1
11677,1
11678,0
11679,0
11680,1
11682,0
11684,1
11685,0
11686,0
11688,1
11689,1
11690,0
11691,1
11692,0
11696,0
11698,1
11699,1
11700,1
11701,1
11702,0
11703,0
11707,1
11708,0
11709,1
11710,0
11711,1
11713,1
11715,0
11716,0
11717,0
11723,1
11724,0
11725,1
11727,1
11728,0
11729,1
11732,0
11734,0
11737,0
11739,0
11741,0
11742,0
11743,1
11744,0
11745,1
11746,1
11748,0
11750,0
11751,0
11753,1
11754,0
11756,0
11758,1
11759,0
11760,0
11763,1
11764,0
11765,0
11767,0
11768,0
11769,0
11770,0
11772,0
11773,1
11774,1
11777,0
11778,0
11779,0
11783,1
11784,1
11785,0
11786,1
11787,1
11791,1
11792,0
11793,0
11794,0
11795,0
11796,0
11798,1
11799,1
11800,0
11801,0
11802,1
11804,0
11805,0
11807,0
11808,0
11811,0
11813,0
11814,1
11815,0
11818,0
11819,1
11820,0
11821,1
11822,0
11825,1
11826,0
11827,1
11828,0
11830,0
11833,0
11834,1
11835,0
11836,0
11837,1
11838,0
11840,0
11841,0
11843,1
11844,0
11845,0
11846,0
11847,0
11849,1
11850,1
11852,1
11854,1
11855,0
11857,1
11858,0
11859,0
11861,0
11864,0
11865,1
11867,0
11869,0
11871,0
11874,0
11875,0
11877,1
11878,1
11880,1
11881,1
11882,0
11885,0
11886,0
11888,1
11889,0
11890,0
11891,1
11892,1
11895,0
11900,0
11901,1
11902,0
11905,1
11906,0
11907,0
11908,0
11909,1
11910,0
11911,1
11912,0
11915,1
11916,0
11917,0
11919,0
11920,1
11921,0
11922,0
11923,1
11924,1
11925,0
11929,0
11930,0
11931,0
11932,1
